time,time,nsec,srcAddress,hop,seq
2020/02/04 20:52:12,20:52:12,000000000,b8:27:eb:02:75:77,2,2,b8:27:eb:40:fe:13,3,1,b8:27:eb:60:f7:bf,3,2,b8:27:eb:86:45:d3,2,2,b8:27:eb:91:35:94,1,3,b8:27:eb:ed:65:fa,2,2,
2020/02/04 20:52:16,20:52:16,000568591,b8:27:eb:02:75:77,2,2,b8:27:eb:40:fe:13,3,1,b8:27:eb:60:f7:bf,3,2,b8:27:eb:86:45:d3,2,2,b8:27:eb:91:35:94,1,3,b8:27:eb:ed:65:fa,1,3,
2020/02/04 20:52:18,20:52:18,000568591,b8:27:eb:02:75:77,2,2,b8:27:eb:40:fe:13,3,1,b8:27:eb:60:f7:bf,3,2,b8:27:eb:86:45:d3,1,3,b8:27:eb:91:35:94,1,3,b8:27:eb:ed:65:fa,1,3,
2020/02/04 20:52:42,20:52:42,000625700,b8:27:eb:02:75:77,2,2,b8:27:eb:40:fe:13,3,1,b8:27:eb:60:f7:bf,3,2,b8:27:eb:86:45:d3,1,3,b8:27:eb:91:35:94,1,4,b8:27:eb:ed:65:fa,1,3,
2020/02/04 20:52:47,20:52:47,000627869,b8:27:eb:02:75:77,2,4,b8:27:eb:40:fe:13,4,3,b8:27:eb:60:f7:bf,3,4,b8:27:eb:86:45:d3,1,3,b8:27:eb:91:35:94,1,4,b8:27:eb:ed:65:fa,1,4,
2020/02/04 20:52:49,20:52:49,000627869,b8:27:eb:02:75:77,2,4,b8:27:eb:40:fe:13,4,3,b8:27:eb:60:f7:bf,3,4,b8:27:eb:86:45:d3,1,4,b8:27:eb:91:35:94,1,4,b8:27:eb:ed:65:fa,1,4,
2020/02/04 20:53:12,20:53:12,000614736,b8:27:eb:02:75:77,2,4,b8:27:eb:40:fe:13,4,3,b8:27:eb:60:f7:bf,3,4,b8:27:eb:86:45:d3,1,4,b8:27:eb:91:35:94,1,5,b8:27:eb:ed:65:fa,1,4,
2020/02/04 20:53:17,20:53:17,000613215,b8:27:eb:02:75:77,2,4,b8:27:eb:40:fe:13,4,3,b8:27:eb:60:f7:bf,3,4,b8:27:eb:86:45:d3,1,4,b8:27:eb:91:35:94,1,5,b8:27:eb:ed:65:fa,1,5,
2020/02/04 20:53:42,20:53:42,000618093,b8:27:eb:02:75:77,2,4,b8:27:eb:40:fe:13,4,3,b8:27:eb:60:f7:bf,3,4,b8:27:eb:86:45:d3,2,5,b8:27:eb:91:35:94,1,6,b8:27:eb:ed:65:fa,1,5,
2020/02/04 20:53:47,20:53:47,000617262,b8:27:eb:02:75:77,2,4,b8:27:eb:40:fe:13,4,3,b8:27:eb:60:f7:bf,3,4,b8:27:eb:86:45:d3,2,5,b8:27:eb:91:35:94,1,6,b8:27:eb:ed:65:fa,1,6,
2020/02/04 20:53:50,20:53:50,000617262,b8:27:eb:02:75:77,2,4,b8:27:eb:40:fe:13,4,3,b8:27:eb:60:f7:bf,3,4,b8:27:eb:86:45:d3,1,6,b8:27:eb:91:35:94,1,6,b8:27:eb:ed:65:fa,1,6,
2020/02/04 20:54:12,20:54:12,000625224,b8:27:eb:02:75:77,2,4,b8:27:eb:40:fe:13,4,3,b8:27:eb:60:f7:bf,3,4,b8:27:eb:86:45:d3,1,6,b8:27:eb:91:35:94,1,7,b8:27:eb:ed:65:fa,1,6,
2020/02/04 20:54:18,20:54:18,000625609,b8:27:eb:02:75:77,2,7,b8:27:eb:40:fe:13,3,6,b8:27:eb:60:f7:bf,4,6,b8:27:eb:86:45:d3,1,6,b8:27:eb:91:35:94,1,7,b8:27:eb:ed:65:fa,1,7,
2020/02/04 20:54:43,20:54:43,000619018,b8:27:eb:02:75:77,2,7,b8:27:eb:40:fe:13,3,6,b8:27:eb:60:f7:bf,4,6,b8:27:eb:86:45:d3,1,6,b8:27:eb:91:35:94,1,8,b8:27:eb:ed:65:fa,1,7,
2020/02/04 20:54:49,20:54:49,000622396,b8:27:eb:02:75:77,2,7,b8:27:eb:40:fe:13,3,6,b8:27:eb:60:f7:bf,4,6,b8:27:eb:86:45:d3,1,6,b8:27:eb:91:35:94,1,8,b8:27:eb:ed:65:fa,1,8,
2020/02/04 20:55:12,20:55:12,000620230,b8:27:eb:02:75:77,2,7,b8:27:eb:40:fe:13,3,6,b8:27:eb:60:f7:bf,4,6,b8:27:eb:86:45:d3,1,6,b8:27:eb:91:35:94,1,9,b8:27:eb:ed:65:fa,1,8,
2020/02/04 20:55:16,20:55:16,000632125,b8:27:eb:02:75:77,1,9,b8:27:eb:40:fe:13,2,8,b8:27:eb:60:f7:bf,2,9,b8:27:eb:86:45:d3,1,6,b8:27:eb:91:35:94,1,9,b8:27:eb:ed:65:fa,1,8,
2020/02/04 20:55:19,20:55:19,000632125,b8:27:eb:02:75:77,1,9,b8:27:eb:40:fe:13,2,8,b8:27:eb:60:f7:bf,2,9,b8:27:eb:86:45:d3,1,6,b8:27:eb:91:35:94,1,9,b8:27:eb:ed:65:fa,1,9,
2020/02/04 20:55:20,20:55:20,000632125,b8:27:eb:02:75:77,1,9,b8:27:eb:40:fe:13,2,8,b8:27:eb:60:f7:bf,2,9,b8:27:eb:86:45:d3,1,9,b8:27:eb:91:35:94,1,9,b8:27:eb:ed:65:fa,1,9,
2020/02/04 20:55:42,20:55:42,000626799,b8:27:eb:02:75:77,1,9,b8:27:eb:40:fe:13,2,8,b8:27:eb:60:f7:bf,2,9,b8:27:eb:86:45:d3,1,9,b8:27:eb:91:35:94,1,10,b8:27:eb:ed:65:fa,1,9,
2020/02/04 20:55:46,20:55:46,000614403,b8:27:eb:02:75:77,1,10,b8:27:eb:40:fe:13,2,9,b8:27:eb:60:f7:bf,2,10,b8:27:eb:86:45:d3,1,9,b8:27:eb:91:35:94,1,10,b8:27:eb:ed:65:fa,1,9,
2020/02/04 20:55:49,20:55:49,000614403,b8:27:eb:02:75:77,1,10,b8:27:eb:40:fe:13,2,9,b8:27:eb:60:f7:bf,2,10,b8:27:eb:86:45:d3,1,9,b8:27:eb:91:35:94,1,10,b8:27:eb:ed:65:fa,1,10,
2020/02/04 20:56:11,20:56:11,000626349,b8:27:eb:02:75:77,1,10,b8:27:eb:40:fe:13,2,9,b8:27:eb:60:f7:bf,2,10,b8:27:eb:86:45:d3,1,9,b8:27:eb:91:35:94,1,11,b8:27:eb:ed:65:fa,1,10,
2020/02/04 20:56:16,20:56:16,000637479,b8:27:eb:02:75:77,1,11,b8:27:eb:40:fe:13,2,10,b8:27:eb:60:f7:bf,2,11,b8:27:eb:86:45:d3,1,9,b8:27:eb:91:35:94,1,11,b8:27:eb:ed:65:fa,1,10,
2020/02/04 20:56:20,20:56:20,000637479,b8:27:eb:02:75:77,1,11,b8:27:eb:40:fe:13,2,10,b8:27:eb:60:f7:bf,2,11,b8:27:eb:86:45:d3,1,9,b8:27:eb:91:35:94,1,11,b8:27:eb:ed:65:fa,1,11,
2020/02/04 20:56:22,20:56:22,000645054,b8:27:eb:02:75:77,1,11,b8:27:eb:40:fe:13,2,10,b8:27:eb:60:f7:bf,2,11,b8:27:eb:86:45:d3,1,11,b8:27:eb:91:35:94,1,11,b8:27:eb:ed:65:fa,1,11,
2020/02/04 20:56:41,20:56:41,000625307,b8:27:eb:02:75:77,1,11,b8:27:eb:40:fe:13,2,10,b8:27:eb:60:f7:bf,2,11,b8:27:eb:86:45:d3,1,11,b8:27:eb:91:35:94,1,12,b8:27:eb:ed:65:fa,1,11,
2020/02/04 20:56:50,20:56:50,000646060,b8:27:eb:02:75:77,1,11,b8:27:eb:40:fe:13,2,10,b8:27:eb:60:f7:bf,2,11,b8:27:eb:86:45:d3,1,11,b8:27:eb:91:35:94,1,12,b8:27:eb:ed:65:fa,1,12,
2020/02/04 20:56:52,20:56:52,000630291,b8:27:eb:02:75:77,1,11,b8:27:eb:40:fe:13,2,10,b8:27:eb:60:f7:bf,2,11,b8:27:eb:86:45:d3,1,12,b8:27:eb:91:35:94,1,12,b8:27:eb:ed:65:fa,1,12,
2020/02/04 20:57:12,20:57:12,000641139,b8:27:eb:02:75:77,1,11,b8:27:eb:40:fe:13,2,10,b8:27:eb:60:f7:bf,2,11,b8:27:eb:86:45:d3,1,12,b8:27:eb:91:35:94,1,13,b8:27:eb:ed:65:fa,1,12,
2020/02/04 20:57:42,20:57:42,000618656,b8:27:eb:02:75:77,1,11,b8:27:eb:40:fe:13,2,10,b8:27:eb:60:f7:bf,2,11,b8:27:eb:86:45:d3,1,12,b8:27:eb:91:35:94,1,14,b8:27:eb:ed:65:fa,1,12,
2020/02/04 20:57:50,20:57:50,000615334,b8:27:eb:02:75:77,2,14,b8:27:eb:40:fe:13,3,13,b8:27:eb:60:f7:bf,3,14,b8:27:eb:86:45:d3,1,12,b8:27:eb:91:35:94,1,14,b8:27:eb:ed:65:fa,1,14,
2020/02/04 20:57:53,20:57:53,000622157,b8:27:eb:02:75:77,2,14,b8:27:eb:40:fe:13,3,13,b8:27:eb:60:f7:bf,3,14,b8:27:eb:86:45:d3,1,14,b8:27:eb:91:35:94,1,14,b8:27:eb:ed:65:fa,1,14,
2020/02/04 20:58:14,20:58:14,000666208,b8:27:eb:02:75:77,2,14,b8:27:eb:40:fe:13,3,13,b8:27:eb:60:f7:bf,3,14,b8:27:eb:86:45:d3,1,14,b8:27:eb:91:35:94,1,15,b8:27:eb:ed:65:fa,1,14,
2020/02/04 20:58:18,20:58:18,000621582,b8:27:eb:02:75:77,1,15,b8:27:eb:40:fe:13,2,14,b8:27:eb:60:f7:bf,2,15,b8:27:eb:86:45:d3,1,14,b8:27:eb:91:35:94,1,15,b8:27:eb:ed:65:fa,1,14,
2020/02/04 20:58:22,20:58:22,000635539,b8:27:eb:02:75:77,1,15,b8:27:eb:40:fe:13,2,14,b8:27:eb:60:f7:bf,2,15,b8:27:eb:86:45:d3,1,15,b8:27:eb:91:35:94,1,15,b8:27:eb:ed:65:fa,1,14,
2020/02/04 20:58:43,20:58:43,000654070,b8:27:eb:02:75:77,1,15,b8:27:eb:40:fe:13,2,14,b8:27:eb:60:f7:bf,2,15,b8:27:eb:86:45:d3,1,15,b8:27:eb:91:35:94,1,16,b8:27:eb:ed:65:fa,2,15,
2020/02/04 20:59:13,20:59:13,000641893,b8:27:eb:02:75:77,2,16,b8:27:eb:40:fe:13,3,15,b8:27:eb:60:f7:bf,3,16,b8:27:eb:86:45:d3,1,15,b8:27:eb:91:35:94,1,17,b8:27:eb:ed:65:fa,2,16,
2020/02/04 20:59:20,20:59:20,000612690,b8:27:eb:02:75:77,1,17,b8:27:eb:40:fe:13,2,17,b8:27:eb:60:f7:bf,2,17,b8:27:eb:86:45:d3,1,15,b8:27:eb:91:35:94,1,17,b8:27:eb:ed:65:fa,2,16,
2020/02/04 20:59:22,20:59:22,000635560,b8:27:eb:02:75:77,1,17,b8:27:eb:40:fe:13,2,17,b8:27:eb:60:f7:bf,2,17,b8:27:eb:86:45:d3,1,17,b8:27:eb:91:35:94,1,17,b8:27:eb:ed:65:fa,2,16,
2020/02/04 20:59:22,20:59:22,000635560,b8:27:eb:02:75:77,1,17,b8:27:eb:40:fe:13,2,17,b8:27:eb:60:f7:bf,2,17,b8:27:eb:86:45:d3,1,17,b8:27:eb:91:35:94,1,17,b8:27:eb:ed:65:fa,1,17,
2020/02/04 20:59:43,20:59:43,000628493,b8:27:eb:02:75:77,1,17,b8:27:eb:40:fe:13,2,17,b8:27:eb:60:f7:bf,2,17,b8:27:eb:86:45:d3,1,17,b8:27:eb:91:35:94,1,18,b8:27:eb:ed:65:fa,1,17,
2020/02/04 20:59:52,20:59:52,000616915,b8:27:eb:02:75:77,2,18,b8:27:eb:40:fe:13,2,17,b8:27:eb:60:f7:bf,3,18,b8:27:eb:86:45:d3,1,17,b8:27:eb:91:35:94,1,18,b8:27:eb:ed:65:fa,1,18,
2020/02/04 20:59:53,20:59:53,000616915,b8:27:eb:02:75:77,2,18,b8:27:eb:40:fe:13,2,17,b8:27:eb:60:f7:bf,3,18,b8:27:eb:86:45:d3,1,18,b8:27:eb:91:35:94,1,18,b8:27:eb:ed:65:fa,1,18,
2020/02/04 21:00:14,21:00:14,000662165,b8:27:eb:02:75:77,2,18,b8:27:eb:40:fe:13,2,17,b8:27:eb:60:f7:bf,3,18,b8:27:eb:86:45:d3,1,18,b8:27:eb:91:35:94,1,19,b8:27:eb:ed:65:fa,1,18,
2020/02/04 21:00:22,21:00:22,000615555,b8:27:eb:02:75:77,2,18,b8:27:eb:40:fe:13,2,17,b8:27:eb:60:f7:bf,3,18,b8:27:eb:86:45:d3,1,19,b8:27:eb:91:35:94,1,19,b8:27:eb:ed:65:fa,1,18,
2020/02/04 21:00:23,21:00:23,000615555,b8:27:eb:02:75:77,2,18,b8:27:eb:40:fe:13,2,17,b8:27:eb:60:f7:bf,3,18,b8:27:eb:86:45:d3,1,19,b8:27:eb:91:35:94,1,19,b8:27:eb:ed:65:fa,1,19,
2020/02/04 21:00:43,21:00:43,000614797,b8:27:eb:02:75:77,2,18,b8:27:eb:40:fe:13,2,17,b8:27:eb:60:f7:bf,3,18,b8:27:eb:86:45:d3,1,19,b8:27:eb:91:35:94,1,20,b8:27:eb:ed:65:fa,1,19,
2020/02/04 21:00:52,21:00:52,000628054,b8:27:eb:02:75:77,1,20,b8:27:eb:40:fe:13,2,19,b8:27:eb:60:f7:bf,2,20,b8:27:eb:86:45:d3,1,19,b8:27:eb:91:35:94,1,20,b8:27:eb:ed:65:fa,1,19,
2020/02/04 21:00:52,21:00:52,000628054,b8:27:eb:02:75:77,1,20,b8:27:eb:40:fe:13,2,19,b8:27:eb:60:f7:bf,2,20,b8:27:eb:86:45:d3,1,20,b8:27:eb:91:35:94,1,20,b8:27:eb:ed:65:fa,1,19,
2020/02/04 21:00:54,21:00:54,000628054,b8:27:eb:02:75:77,1,20,b8:27:eb:40:fe:13,2,19,b8:27:eb:60:f7:bf,2,20,b8:27:eb:86:45:d3,1,20,b8:27:eb:91:35:94,1,20,b8:27:eb:ed:65:fa,1,20,
2020/02/04 21:01:13,21:01:13,000613326,b8:27:eb:02:75:77,1,20,b8:27:eb:40:fe:13,2,19,b8:27:eb:60:f7:bf,2,20,b8:27:eb:86:45:d3,1,20,b8:27:eb:91:35:94,1,21,b8:27:eb:ed:65:fa,1,20,
2020/02/04 21:01:22,21:01:22,000613123,b8:27:eb:02:75:77,1,20,b8:27:eb:40:fe:13,2,19,b8:27:eb:60:f7:bf,2,20,b8:27:eb:86:45:d3,1,21,b8:27:eb:91:35:94,1,21,b8:27:eb:ed:65:fa,1,20,
2020/02/04 21:01:25,21:01:25,000613123,b8:27:eb:02:75:77,1,20,b8:27:eb:40:fe:13,2,19,b8:27:eb:60:f7:bf,2,20,b8:27:eb:86:45:d3,1,21,b8:27:eb:91:35:94,1,21,b8:27:eb:ed:65:fa,1,21,
2020/02/04 21:01:43,21:01:43,000653234,b8:27:eb:02:75:77,1,20,b8:27:eb:40:fe:13,2,19,b8:27:eb:60:f7:bf,2,20,b8:27:eb:86:45:d3,1,21,b8:27:eb:91:35:94,1,22,b8:27:eb:ed:65:fa,1,21,
2020/02/04 21:01:53,21:01:53,000657960,b8:27:eb:02:75:77,2,22,b8:27:eb:40:fe:13,4,21,b8:27:eb:60:f7:bf,3,22,b8:27:eb:86:45:d3,1,22,b8:27:eb:91:35:94,1,22,b8:27:eb:ed:65:fa,1,21,
2020/02/04 21:01:55,21:01:55,000657960,b8:27:eb:02:75:77,2,22,b8:27:eb:40:fe:13,4,21,b8:27:eb:60:f7:bf,3,22,b8:27:eb:86:45:d3,1,22,b8:27:eb:91:35:94,1,22,b8:27:eb:ed:65:fa,1,22,
2020/02/04 21:02:12,21:02:12,000649530,b8:27:eb:02:75:77,2,22,b8:27:eb:40:fe:13,4,21,b8:27:eb:60:f7:bf,3,22,b8:27:eb:86:45:d3,1,22,b8:27:eb:91:35:94,1,23,b8:27:eb:ed:65:fa,1,22,
2020/02/04 21:02:22,21:02:22,000583825,b8:27:eb:02:75:77,1,23,b8:27:eb:40:fe:13,3,21,b8:27:eb:60:f7:bf,2,23,b8:27:eb:86:45:d3,1,22,b8:27:eb:91:35:94,1,23,b8:27:eb:ed:65:fa,1,22,
2020/02/04 21:02:22,21:02:22,000583825,b8:27:eb:02:75:77,1,23,b8:27:eb:40:fe:13,3,21,b8:27:eb:60:f7:bf,2,23,b8:27:eb:86:45:d3,1,23,b8:27:eb:91:35:94,1,23,b8:27:eb:ed:65:fa,1,22,
2020/02/04 21:02:24,21:02:24,000583825,b8:27:eb:02:75:77,1,23,b8:27:eb:40:fe:13,3,21,b8:27:eb:60:f7:bf,2,23,b8:27:eb:86:45:d3,1,23,b8:27:eb:91:35:94,1,23,b8:27:eb:ed:65:fa,1,23,
2020/02/04 21:02:43,21:02:43,000593579,b8:27:eb:02:75:77,1,23,b8:27:eb:40:fe:13,3,21,b8:27:eb:60:f7:bf,2,23,b8:27:eb:86:45:d3,1,23,b8:27:eb:91:35:94,1,24,b8:27:eb:ed:65:fa,1,23,
2020/02/04 21:02:52,21:02:52,000628227,b8:27:eb:02:75:77,1,23,b8:27:eb:40:fe:13,3,21,b8:27:eb:60:f7:bf,2,23,b8:27:eb:86:45:d3,1,24,b8:27:eb:91:35:94,1,24,b8:27:eb:ed:65:fa,1,23,
2020/02/04 21:02:54,21:02:54,000628227,b8:27:eb:02:75:77,1,23,b8:27:eb:40:fe:13,3,21,b8:27:eb:60:f7:bf,2,23,b8:27:eb:86:45:d3,1,24,b8:27:eb:91:35:94,1,24,b8:27:eb:ed:65:fa,1,24,
2020/02/04 21:03:12,21:03:12,000665650,b8:27:eb:02:75:77,1,23,b8:27:eb:40:fe:13,3,21,b8:27:eb:60:f7:bf,2,23,b8:27:eb:86:45:d3,1,24,b8:27:eb:91:35:94,1,25,b8:27:eb:ed:65:fa,1,24,
2020/02/04 21:03:20,21:03:20,000569849,b8:27:eb:02:75:77,1,25,b8:27:eb:40:fe:13,2,25,b8:27:eb:60:f7:bf,2,24,b8:27:eb:86:45:d3,1,24,b8:27:eb:91:35:94,1,25,b8:27:eb:ed:65:fa,1,24,
2020/02/04 21:03:23,21:03:23,000689718,b8:27:eb:02:75:77,1,25,b8:27:eb:40:fe:13,2,25,b8:27:eb:60:f7:bf,2,24,b8:27:eb:86:45:d3,1,24,b8:27:eb:91:35:94,1,25,b8:27:eb:ed:65:fa,1,25,
2020/02/04 21:03:23,21:03:23,000689718,b8:27:eb:02:75:77,1,25,b8:27:eb:40:fe:13,2,25,b8:27:eb:60:f7:bf,2,24,b8:27:eb:86:45:d3,1,25,b8:27:eb:91:35:94,1,25,b8:27:eb:ed:65:fa,1,25,
2020/02/04 21:03:42,21:03:42,000577002,b8:27:eb:02:75:77,1,25,b8:27:eb:40:fe:13,2,25,b8:27:eb:60:f7:bf,2,24,b8:27:eb:86:45:d3,1,25,b8:27:eb:91:35:94,1,26,b8:27:eb:ed:65:fa,1,25,
2020/02/04 21:03:50,21:03:50,000602266,b8:27:eb:02:75:77,1,26,b8:27:eb:40:fe:13,2,26,b8:27:eb:60:f7:bf,2,26,b8:27:eb:86:45:d3,1,25,b8:27:eb:91:35:94,1,26,b8:27:eb:ed:65:fa,1,25,
2020/02/04 21:03:53,21:03:53,000597317,b8:27:eb:02:75:77,1,26,b8:27:eb:40:fe:13,2,26,b8:27:eb:60:f7:bf,2,26,b8:27:eb:86:45:d3,1,25,b8:27:eb:91:35:94,1,26,b8:27:eb:ed:65:fa,1,26,
2020/02/04 21:03:54,21:03:54,000597317,b8:27:eb:02:75:77,1,26,b8:27:eb:40:fe:13,2,26,b8:27:eb:60:f7:bf,2,26,b8:27:eb:86:45:d3,1,26,b8:27:eb:91:35:94,1,26,b8:27:eb:ed:65:fa,1,26,
2020/02/04 21:04:12,21:04:12,000564415,b8:27:eb:02:75:77,1,26,b8:27:eb:40:fe:13,2,26,b8:27:eb:60:f7:bf,2,26,b8:27:eb:86:45:d3,1,26,b8:27:eb:91:35:94,1,27,b8:27:eb:ed:65:fa,1,26,
2020/02/04 21:04:19,21:04:19,000601527,b8:27:eb:02:75:77,1,27,b8:27:eb:40:fe:13,2,27,b8:27:eb:60:f7:bf,2,27,b8:27:eb:86:45:d3,1,26,b8:27:eb:91:35:94,1,27,b8:27:eb:ed:65:fa,1,26,
2020/02/04 21:04:22,21:04:22,000570510,b8:27:eb:02:75:77,1,27,b8:27:eb:40:fe:13,2,27,b8:27:eb:60:f7:bf,2,27,b8:27:eb:86:45:d3,1,26,b8:27:eb:91:35:94,1,27,b8:27:eb:ed:65:fa,1,27,
2020/02/04 21:04:24,21:04:24,000570510,b8:27:eb:02:75:77,1,27,b8:27:eb:40:fe:13,2,27,b8:27:eb:60:f7:bf,2,27,b8:27:eb:86:45:d3,1,27,b8:27:eb:91:35:94,1,27,b8:27:eb:ed:65:fa,1,27,
2020/02/04 21:04:43,21:04:43,000565917,b8:27:eb:02:75:77,1,27,b8:27:eb:40:fe:13,2,27,b8:27:eb:60:f7:bf,2,27,b8:27:eb:86:45:d3,1,27,b8:27:eb:91:35:94,1,28,b8:27:eb:ed:65:fa,1,27,
2020/02/04 21:04:50,21:04:50,000592587,b8:27:eb:02:75:77,1,28,b8:27:eb:40:fe:13,2,28,b8:27:eb:60:f7:bf,2,28,b8:27:eb:86:45:d3,1,27,b8:27:eb:91:35:94,1,28,b8:27:eb:ed:65:fa,1,27,
2020/02/04 21:04:53,21:04:53,000600660,b8:27:eb:02:75:77,1,28,b8:27:eb:40:fe:13,2,28,b8:27:eb:60:f7:bf,2,28,b8:27:eb:86:45:d3,1,27,b8:27:eb:91:35:94,1,28,b8:27:eb:ed:65:fa,1,28,
2020/02/04 21:04:54,21:04:54,000600660,b8:27:eb:02:75:77,1,28,b8:27:eb:40:fe:13,2,28,b8:27:eb:60:f7:bf,2,28,b8:27:eb:86:45:d3,1,28,b8:27:eb:91:35:94,1,28,b8:27:eb:ed:65:fa,1,28,
2020/02/04 21:05:13,21:05:13,000567869,b8:27:eb:02:75:77,1,28,b8:27:eb:40:fe:13,2,28,b8:27:eb:60:f7:bf,2,28,b8:27:eb:86:45:d3,1,28,b8:27:eb:91:35:94,1,29,b8:27:eb:ed:65:fa,1,28,
2020/02/04 21:05:19,21:05:19,000572329,b8:27:eb:02:75:77,1,29,b8:27:eb:40:fe:13,2,29,b8:27:eb:60:f7:bf,2,29,b8:27:eb:86:45:d3,1,28,b8:27:eb:91:35:94,1,29,b8:27:eb:ed:65:fa,1,28,
2020/02/04 21:05:24,21:05:24,000567409,b8:27:eb:02:75:77,1,29,b8:27:eb:40:fe:13,2,29,b8:27:eb:60:f7:bf,2,29,b8:27:eb:86:45:d3,1,29,b8:27:eb:91:35:94,1,29,b8:27:eb:ed:65:fa,1,28,
2020/02/04 21:05:24,21:05:24,000567409,b8:27:eb:02:75:77,1,29,b8:27:eb:40:fe:13,2,29,b8:27:eb:60:f7:bf,2,29,b8:27:eb:86:45:d3,1,29,b8:27:eb:91:35:94,1,29,b8:27:eb:ed:65:fa,1,29,
2020/02/04 21:05:44,21:05:44,000571476,b8:27:eb:02:75:77,1,29,b8:27:eb:40:fe:13,2,29,b8:27:eb:60:f7:bf,2,29,b8:27:eb:86:45:d3,1,29,b8:27:eb:91:35:94,1,30,b8:27:eb:ed:65:fa,1,29,
2020/02/04 21:05:48,21:05:48,000607320,b8:27:eb:02:75:77,1,30,b8:27:eb:40:fe:13,2,29,b8:27:eb:60:f7:bf,2,29,b8:27:eb:86:45:d3,1,29,b8:27:eb:91:35:94,1,30,b8:27:eb:ed:65:fa,1,29,
2020/02/04 21:05:54,21:05:54,000580972,b8:27:eb:02:75:77,1,30,b8:27:eb:40:fe:13,2,29,b8:27:eb:60:f7:bf,2,29,b8:27:eb:86:45:d3,1,29,b8:27:eb:91:35:94,1,30,b8:27:eb:ed:65:fa,1,30,
2020/02/04 21:05:55,21:05:55,000580972,b8:27:eb:02:75:77,1,30,b8:27:eb:40:fe:13,2,29,b8:27:eb:60:f7:bf,2,29,b8:27:eb:86:45:d3,1,30,b8:27:eb:91:35:94,1,30,b8:27:eb:ed:65:fa,1,30,
2020/02/04 21:06:17,21:06:17,000601163,b8:27:eb:02:75:77,1,31,b8:27:eb:40:fe:13,2,30,b8:27:eb:60:f7:bf,3,30,b8:27:eb:86:45:d3,1,30,b8:27:eb:91:35:94,1,30,b8:27:eb:ed:65:fa,1,30,
2020/02/04 21:06:23,21:06:23,000620262,b8:27:eb:02:75:77,1,31,b8:27:eb:40:fe:13,2,30,b8:27:eb:60:f7:bf,3,30,b8:27:eb:86:45:d3,1,30,b8:27:eb:91:35:94,1,30,b8:27:eb:ed:65:fa,1,31,
2020/02/04 21:06:25,21:06:25,000620262,b8:27:eb:02:75:77,1,31,b8:27:eb:40:fe:13,2,30,b8:27:eb:60:f7:bf,3,30,b8:27:eb:86:45:d3,1,31,b8:27:eb:91:35:94,1,30,b8:27:eb:ed:65:fa,1,31,
2020/02/04 21:06:44,21:06:44,000605142,b8:27:eb:02:75:77,1,31,b8:27:eb:40:fe:13,2,30,b8:27:eb:60:f7:bf,3,30,b8:27:eb:86:45:d3,1,31,b8:27:eb:91:35:94,1,32,b8:27:eb:ed:65:fa,1,31,
2020/02/04 21:06:48,21:06:48,000602456,b8:27:eb:02:75:77,1,32,b8:27:eb:40:fe:13,2,31,b8:27:eb:60:f7:bf,3,31,b8:27:eb:86:45:d3,1,31,b8:27:eb:91:35:94,1,32,b8:27:eb:ed:65:fa,1,31,
2020/02/04 21:06:53,21:06:53,000622421,b8:27:eb:02:75:77,1,32,b8:27:eb:40:fe:13,2,31,b8:27:eb:60:f7:bf,3,31,b8:27:eb:86:45:d3,1,31,b8:27:eb:91:35:94,1,32,b8:27:eb:ed:65:fa,1,32,
2020/02/04 21:06:55,21:06:55,000622421,b8:27:eb:02:75:77,1,32,b8:27:eb:40:fe:13,2,31,b8:27:eb:60:f7:bf,3,31,b8:27:eb:86:45:d3,1,32,b8:27:eb:91:35:94,1,32,b8:27:eb:ed:65:fa,1,32,
2020/02/04 21:07:14,21:07:14,000575786,b8:27:eb:02:75:77,1,32,b8:27:eb:40:fe:13,2,31,b8:27:eb:60:f7:bf,3,31,b8:27:eb:86:45:d3,1,32,b8:27:eb:91:35:94,1,33,b8:27:eb:ed:65:fa,1,32,
2020/02/04 21:07:19,21:07:19,000553237,b8:27:eb:02:75:77,1,33,b8:27:eb:40:fe:13,2,33,b8:27:eb:60:f7:bf,3,33,b8:27:eb:86:45:d3,1,32,b8:27:eb:91:35:94,1,33,b8:27:eb:ed:65:fa,1,32,
2020/02/04 21:07:23,21:07:23,000554590,b8:27:eb:02:75:77,1,33,b8:27:eb:40:fe:13,2,33,b8:27:eb:60:f7:bf,3,33,b8:27:eb:86:45:d3,1,32,b8:27:eb:91:35:94,1,33,b8:27:eb:ed:65:fa,1,33,
2020/02/04 21:07:24,21:07:24,000554590,b8:27:eb:02:75:77,1,33,b8:27:eb:40:fe:13,2,33,b8:27:eb:60:f7:bf,3,33,b8:27:eb:86:45:d3,1,33,b8:27:eb:91:35:94,1,33,b8:27:eb:ed:65:fa,1,33,
2020/02/04 21:07:44,21:07:44,000544098,b8:27:eb:02:75:77,1,33,b8:27:eb:40:fe:13,2,33,b8:27:eb:60:f7:bf,3,33,b8:27:eb:86:45:d3,1,33,b8:27:eb:91:35:94,1,34,b8:27:eb:ed:65:fa,1,33,
2020/02/04 21:07:49,21:07:49,000546375,b8:27:eb:02:75:77,1,34,b8:27:eb:40:fe:13,2,34,b8:27:eb:60:f7:bf,2,34,b8:27:eb:86:45:d3,1,33,b8:27:eb:91:35:94,1,34,b8:27:eb:ed:65:fa,1,33,
2020/02/04 21:07:53,21:07:53,000539899,b8:27:eb:02:75:77,1,34,b8:27:eb:40:fe:13,2,34,b8:27:eb:60:f7:bf,2,34,b8:27:eb:86:45:d3,1,33,b8:27:eb:91:35:94,1,34,b8:27:eb:ed:65:fa,1,34,
2020/02/04 21:07:55,21:07:55,000539899,b8:27:eb:02:75:77,1,34,b8:27:eb:40:fe:13,2,34,b8:27:eb:60:f7:bf,2,34,b8:27:eb:86:45:d3,1,34,b8:27:eb:91:35:94,1,34,b8:27:eb:ed:65:fa,1,34,
2020/02/04 21:08:14,21:08:14,000550450,b8:27:eb:02:75:77,1,34,b8:27:eb:40:fe:13,2,34,b8:27:eb:60:f7:bf,2,34,b8:27:eb:86:45:d3,1,34,b8:27:eb:91:35:94,1,35,b8:27:eb:ed:65:fa,1,34,
2020/02/04 21:08:20,21:08:20,000610158,b8:27:eb:02:75:77,1,35,b8:27:eb:40:fe:13,2,35,b8:27:eb:60:f7:bf,3,35,b8:27:eb:86:45:d3,1,34,b8:27:eb:91:35:94,1,35,b8:27:eb:ed:65:fa,1,34,
2020/02/04 21:08:25,21:08:25,000699550,b8:27:eb:02:75:77,1,35,b8:27:eb:40:fe:13,2,35,b8:27:eb:60:f7:bf,3,35,b8:27:eb:86:45:d3,1,35,b8:27:eb:91:35:94,1,35,b8:27:eb:ed:65:fa,2,35,
2020/02/04 21:08:44,21:08:44,000559168,b8:27:eb:02:75:77,1,35,b8:27:eb:40:fe:13,2,35,b8:27:eb:60:f7:bf,3,35,b8:27:eb:86:45:d3,1,35,b8:27:eb:91:35:94,1,36,b8:27:eb:ed:65:fa,2,35,
2020/02/04 21:08:50,21:08:50,000559850,b8:27:eb:02:75:77,1,36,b8:27:eb:40:fe:13,2,36,b8:27:eb:60:f7:bf,2,36,b8:27:eb:86:45:d3,1,35,b8:27:eb:91:35:94,1,36,b8:27:eb:ed:65:fa,2,35,
2020/02/04 21:08:53,21:08:53,000585216,b8:27:eb:02:75:77,1,36,b8:27:eb:40:fe:13,2,36,b8:27:eb:60:f7:bf,2,36,b8:27:eb:86:45:d3,1,35,b8:27:eb:91:35:94,1,36,b8:27:eb:ed:65:fa,1,36,
2020/02/04 21:08:56,21:08:56,000585216,b8:27:eb:02:75:77,1,36,b8:27:eb:40:fe:13,2,36,b8:27:eb:60:f7:bf,2,36,b8:27:eb:86:45:d3,1,36,b8:27:eb:91:35:94,1,36,b8:27:eb:ed:65:fa,1,36,
2020/02/04 21:09:20,21:09:20,000580716,b8:27:eb:02:75:77,1,37,b8:27:eb:40:fe:13,2,36,b8:27:eb:60:f7:bf,2,37,b8:27:eb:86:45:d3,1,36,b8:27:eb:91:35:94,1,36,b8:27:eb:ed:65:fa,1,36,
2020/02/04 21:09:24,21:09:24,000580131,b8:27:eb:02:75:77,1,37,b8:27:eb:40:fe:13,2,36,b8:27:eb:60:f7:bf,2,37,b8:27:eb:86:45:d3,1,36,b8:27:eb:91:35:94,1,36,b8:27:eb:ed:65:fa,1,37,
2020/02/04 21:09:25,21:09:25,000580131,b8:27:eb:02:75:77,1,37,b8:27:eb:40:fe:13,2,36,b8:27:eb:60:f7:bf,2,37,b8:27:eb:86:45:d3,1,37,b8:27:eb:91:35:94,1,36,b8:27:eb:ed:65:fa,1,37,
2020/02/04 21:09:47,21:09:47,000545991,b8:27:eb:02:75:77,1,37,b8:27:eb:40:fe:13,2,36,b8:27:eb:60:f7:bf,2,37,b8:27:eb:86:45:d3,1,37,b8:27:eb:91:35:94,1,38,b8:27:eb:ed:65:fa,1,37,
2020/02/04 21:09:50,21:09:50,000545991,b8:27:eb:02:75:77,1,38,b8:27:eb:40:fe:13,2,38,b8:27:eb:60:f7:bf,2,38,b8:27:eb:86:45:d3,1,37,b8:27:eb:91:35:94,1,38,b8:27:eb:ed:65:fa,1,37,
2020/02/04 21:09:54,21:09:54,000545600,b8:27:eb:02:75:77,1,38,b8:27:eb:40:fe:13,2,38,b8:27:eb:60:f7:bf,2,38,b8:27:eb:86:45:d3,1,37,b8:27:eb:91:35:94,1,38,b8:27:eb:ed:65:fa,1,38,
2020/02/04 21:09:56,21:09:56,000545600,b8:27:eb:02:75:77,1,38,b8:27:eb:40:fe:13,2,38,b8:27:eb:60:f7:bf,2,38,b8:27:eb:86:45:d3,1,38,b8:27:eb:91:35:94,1,38,b8:27:eb:ed:65:fa,1,38,
2020/02/04 21:10:16,21:10:16,000541614,b8:27:eb:02:75:77,1,38,b8:27:eb:40:fe:13,2,38,b8:27:eb:60:f7:bf,2,38,b8:27:eb:86:45:d3,1,38,b8:27:eb:91:35:94,1,39,b8:27:eb:ed:65:fa,1,38,
2020/02/04 21:10:22,21:10:22,000546835,b8:27:eb:02:75:77,1,39,b8:27:eb:40:fe:13,2,39,b8:27:eb:60:f7:bf,2,39,b8:27:eb:86:45:d3,1,38,b8:27:eb:91:35:94,1,39,b8:27:eb:ed:65:fa,1,38,
2020/02/04 21:10:25,21:10:25,000546835,b8:27:eb:02:75:77,1,39,b8:27:eb:40:fe:13,2,39,b8:27:eb:60:f7:bf,2,39,b8:27:eb:86:45:d3,1,38,b8:27:eb:91:35:94,1,39,b8:27:eb:ed:65:fa,1,39,
2020/02/04 21:10:26,21:10:26,000546835,b8:27:eb:02:75:77,1,39,b8:27:eb:40:fe:13,2,39,b8:27:eb:60:f7:bf,2,39,b8:27:eb:86:45:d3,1,39,b8:27:eb:91:35:94,1,39,b8:27:eb:ed:65:fa,1,39,
2020/02/04 21:10:46,21:10:46,000582174,b8:27:eb:02:75:77,1,39,b8:27:eb:40:fe:13,2,39,b8:27:eb:60:f7:bf,2,39,b8:27:eb:86:45:d3,1,39,b8:27:eb:91:35:94,1,40,b8:27:eb:ed:65:fa,1,39,
2020/02/04 21:10:53,21:10:53,000582539,b8:27:eb:02:75:77,1,40,b8:27:eb:40:fe:13,2,40,b8:27:eb:60:f7:bf,2,40,b8:27:eb:86:45:d3,1,39,b8:27:eb:91:35:94,1,40,b8:27:eb:ed:65:fa,1,39,
2020/02/04 21:10:54,21:10:54,000582539,b8:27:eb:02:75:77,1,40,b8:27:eb:40:fe:13,2,40,b8:27:eb:60:f7:bf,2,40,b8:27:eb:86:45:d3,1,39,b8:27:eb:91:35:94,1,40,b8:27:eb:ed:65:fa,1,40,
2020/02/04 21:10:56,21:10:56,000582539,b8:27:eb:02:75:77,1,40,b8:27:eb:40:fe:13,2,40,b8:27:eb:60:f7:bf,2,40,b8:27:eb:86:45:d3,1,40,b8:27:eb:91:35:94,1,40,b8:27:eb:ed:65:fa,1,40,
2020/02/04 21:11:16,21:11:16,000556268,b8:27:eb:02:75:77,1,40,b8:27:eb:40:fe:13,2,40,b8:27:eb:60:f7:bf,2,40,b8:27:eb:86:45:d3,1,40,b8:27:eb:91:35:94,1,41,b8:27:eb:ed:65:fa,1,40,
2020/02/04 21:11:23,21:11:23,000591570,b8:27:eb:02:75:77,1,41,b8:27:eb:40:fe:13,2,40,b8:27:eb:60:f7:bf,2,40,b8:27:eb:86:45:d3,1,40,b8:27:eb:91:35:94,1,41,b8:27:eb:ed:65:fa,1,40,
2020/02/04 21:11:24,21:11:24,000591570,b8:27:eb:02:75:77,1,41,b8:27:eb:40:fe:13,2,40,b8:27:eb:60:f7:bf,2,40,b8:27:eb:86:45:d3,1,40,b8:27:eb:91:35:94,1,41,b8:27:eb:ed:65:fa,1,41,
2020/02/04 21:11:25,21:11:25,000591570,b8:27:eb:02:75:77,1,41,b8:27:eb:40:fe:13,2,40,b8:27:eb:60:f7:bf,2,40,b8:27:eb:86:45:d3,1,41,b8:27:eb:91:35:94,1,41,b8:27:eb:ed:65:fa,1,41,
2020/02/04 21:11:46,21:11:46,000560046,b8:27:eb:02:75:77,1,41,b8:27:eb:40:fe:13,2,40,b8:27:eb:60:f7:bf,2,40,b8:27:eb:86:45:d3,1,41,b8:27:eb:91:35:94,1,42,b8:27:eb:ed:65:fa,1,41,
2020/02/04 21:11:53,21:11:53,000556691,b8:27:eb:02:75:77,1,42,b8:27:eb:40:fe:13,2,42,b8:27:eb:60:f7:bf,3,42,b8:27:eb:86:45:d3,1,41,b8:27:eb:91:35:94,1,42,b8:27:eb:ed:65:fa,1,41,
2020/02/04 21:11:54,21:11:54,000556691,b8:27:eb:02:75:77,1,42,b8:27:eb:40:fe:13,2,42,b8:27:eb:60:f7:bf,3,42,b8:27:eb:86:45:d3,1,41,b8:27:eb:91:35:94,1,42,b8:27:eb:ed:65:fa,1,42,
2020/02/04 21:11:55,21:11:55,000556691,b8:27:eb:02:75:77,1,42,b8:27:eb:40:fe:13,2,42,b8:27:eb:60:f7:bf,3,42,b8:27:eb:86:45:d3,1,42,b8:27:eb:91:35:94,1,42,b8:27:eb:ed:65:fa,1,42,
2020/02/04 21:12:16,21:12:16,000552728,b8:27:eb:02:75:77,1,42,b8:27:eb:40:fe:13,2,42,b8:27:eb:60:f7:bf,3,42,b8:27:eb:86:45:d3,1,42,b8:27:eb:91:35:94,1,43,b8:27:eb:ed:65:fa,1,42,
2020/02/04 21:12:22,21:12:22,000551134,b8:27:eb:02:75:77,1,43,b8:27:eb:40:fe:13,2,43,b8:27:eb:60:f7:bf,2,43,b8:27:eb:86:45:d3,1,42,b8:27:eb:91:35:94,1,43,b8:27:eb:ed:65:fa,1,42,
2020/02/04 21:12:23,21:12:23,000551134,b8:27:eb:02:75:77,1,43,b8:27:eb:40:fe:13,2,43,b8:27:eb:60:f7:bf,2,43,b8:27:eb:86:45:d3,1,42,b8:27:eb:91:35:94,1,43,b8:27:eb:ed:65:fa,1,43,
2020/02/04 21:12:25,21:12:25,000551134,b8:27:eb:02:75:77,1,43,b8:27:eb:40:fe:13,2,43,b8:27:eb:60:f7:bf,2,43,b8:27:eb:86:45:d3,1,43,b8:27:eb:91:35:94,1,43,b8:27:eb:ed:65:fa,1,43,
2020/02/04 21:12:47,21:12:47,000543433,b8:27:eb:02:75:77,1,43,b8:27:eb:40:fe:13,2,43,b8:27:eb:60:f7:bf,2,43,b8:27:eb:86:45:d3,1,43,b8:27:eb:91:35:94,1,44,b8:27:eb:ed:65:fa,1,43,
2020/02/04 21:12:52,21:12:52,000585683,b8:27:eb:02:75:77,1,43,b8:27:eb:40:fe:13,2,43,b8:27:eb:60:f7:bf,2,43,b8:27:eb:86:45:d3,1,43,b8:27:eb:91:35:94,1,44,b8:27:eb:ed:65:fa,1,44,
2020/02/04 21:12:55,21:12:55,000585683,b8:27:eb:02:75:77,1,43,b8:27:eb:40:fe:13,2,43,b8:27:eb:60:f7:bf,2,43,b8:27:eb:86:45:d3,1,44,b8:27:eb:91:35:94,1,44,b8:27:eb:ed:65:fa,1,44,
2020/02/04 21:13:17,21:13:17,000545602,b8:27:eb:02:75:77,1,43,b8:27:eb:40:fe:13,2,43,b8:27:eb:60:f7:bf,2,43,b8:27:eb:86:45:d3,1,44,b8:27:eb:91:35:94,1,45,b8:27:eb:ed:65:fa,1,44,
2020/02/04 21:13:23,21:13:23,000546228,b8:27:eb:02:75:77,1,43,b8:27:eb:40:fe:13,2,43,b8:27:eb:60:f7:bf,2,43,b8:27:eb:86:45:d3,1,44,b8:27:eb:91:35:94,1,45,b8:27:eb:ed:65:fa,1,45,
2020/02/04 21:13:25,21:13:25,000546228,b8:27:eb:02:75:77,1,43,b8:27:eb:40:fe:13,2,43,b8:27:eb:60:f7:bf,2,43,b8:27:eb:86:45:d3,1,45,b8:27:eb:91:35:94,1,45,b8:27:eb:ed:65:fa,1,45,
2020/02/04 21:13:47,21:13:47,000547234,b8:27:eb:02:75:77,1,43,b8:27:eb:40:fe:13,2,43,b8:27:eb:60:f7:bf,2,43,b8:27:eb:86:45:d3,1,45,b8:27:eb:91:35:94,1,46,b8:27:eb:ed:65:fa,1,45,
2020/02/04 21:13:54,21:13:54,000553218,b8:27:eb:02:75:77,2,46,b8:27:eb:40:fe:13,3,46,b8:27:eb:60:f7:bf,3,46,b8:27:eb:86:45:d3,1,45,b8:27:eb:91:35:94,1,46,b8:27:eb:ed:65:fa,1,46,
2020/02/04 21:13:56,21:13:56,000553218,b8:27:eb:02:75:77,2,46,b8:27:eb:40:fe:13,3,46,b8:27:eb:60:f7:bf,3,46,b8:27:eb:86:45:d3,1,46,b8:27:eb:91:35:94,1,46,b8:27:eb:ed:65:fa,1,46,
2020/02/04 21:14:17,21:14:17,000601435,b8:27:eb:02:75:77,2,46,b8:27:eb:40:fe:13,3,46,b8:27:eb:60:f7:bf,3,46,b8:27:eb:86:45:d3,1,46,b8:27:eb:91:35:94,1,47,b8:27:eb:ed:65:fa,1,46,
2020/02/04 21:14:22,21:14:22,000605535,b8:27:eb:02:75:77,1,47,b8:27:eb:40:fe:13,2,47,b8:27:eb:60:f7:bf,2,46,b8:27:eb:86:45:d3,1,46,b8:27:eb:91:35:94,1,47,b8:27:eb:ed:65:fa,1,46,
2020/02/04 21:14:24,21:14:24,000605535,b8:27:eb:02:75:77,1,47,b8:27:eb:40:fe:13,2,47,b8:27:eb:60:f7:bf,2,46,b8:27:eb:86:45:d3,1,46,b8:27:eb:91:35:94,1,47,b8:27:eb:ed:65:fa,1,47,
2020/02/04 21:14:26,21:14:26,000605535,b8:27:eb:02:75:77,1,47,b8:27:eb:40:fe:13,2,47,b8:27:eb:60:f7:bf,2,46,b8:27:eb:86:45:d3,1,47,b8:27:eb:91:35:94,1,47,b8:27:eb:ed:65:fa,1,47,
2020/02/04 21:14:48,21:14:48,000602102,b8:27:eb:02:75:77,1,47,b8:27:eb:40:fe:13,2,47,b8:27:eb:60:f7:bf,2,46,b8:27:eb:86:45:d3,1,47,b8:27:eb:91:35:94,1,48,b8:27:eb:ed:65:fa,1,47,
2020/02/04 21:14:54,21:14:54,000625827,b8:27:eb:02:75:77,2,48,b8:27:eb:40:fe:13,3,48,b8:27:eb:60:f7:bf,3,48,b8:27:eb:86:45:d3,1,47,b8:27:eb:91:35:94,1,48,b8:27:eb:ed:65:fa,1,48,
2020/02/04 21:14:56,21:14:56,000625827,b8:27:eb:02:75:77,2,48,b8:27:eb:40:fe:13,3,48,b8:27:eb:60:f7:bf,3,48,b8:27:eb:86:45:d3,1,48,b8:27:eb:91:35:94,1,48,b8:27:eb:ed:65:fa,1,48,
2020/02/04 21:15:19,21:15:19,000596567,b8:27:eb:02:75:77,2,48,b8:27:eb:40:fe:13,3,48,b8:27:eb:60:f7:bf,3,48,b8:27:eb:86:45:d3,1,48,b8:27:eb:91:35:94,1,49,b8:27:eb:ed:65:fa,1,48,
2020/02/04 21:15:22,21:15:22,000638090,b8:27:eb:02:75:77,1,49,b8:27:eb:40:fe:13,2,49,b8:27:eb:60:f7:bf,2,49,b8:27:eb:86:45:d3,1,48,b8:27:eb:91:35:94,1,49,b8:27:eb:ed:65:fa,1,48,
2020/02/04 21:15:25,21:15:25,000638090,b8:27:eb:02:75:77,1,49,b8:27:eb:40:fe:13,2,49,b8:27:eb:60:f7:bf,2,49,b8:27:eb:86:45:d3,1,48,b8:27:eb:91:35:94,1,49,b8:27:eb:ed:65:fa,1,49,
2020/02/04 21:15:26,21:15:26,000638090,b8:27:eb:02:75:77,1,49,b8:27:eb:40:fe:13,2,49,b8:27:eb:60:f7:bf,2,49,b8:27:eb:86:45:d3,1,49,b8:27:eb:91:35:94,1,49,b8:27:eb:ed:65:fa,1,49,
2020/02/04 21:15:49,21:15:49,000597511,b8:27:eb:02:75:77,1,49,b8:27:eb:40:fe:13,2,49,b8:27:eb:60:f7:bf,2,49,b8:27:eb:86:45:d3,1,49,b8:27:eb:91:35:94,1,50,b8:27:eb:ed:65:fa,1,49,
2020/02/04 21:15:52,21:15:52,000638129,b8:27:eb:02:75:77,1,50,b8:27:eb:40:fe:13,2,50,b8:27:eb:60:f7:bf,2,50,b8:27:eb:86:45:d3,1,49,b8:27:eb:91:35:94,1,50,b8:27:eb:ed:65:fa,1,49,
2020/02/04 21:15:56,21:15:56,000638129,b8:27:eb:02:75:77,1,50,b8:27:eb:40:fe:13,2,50,b8:27:eb:60:f7:bf,2,50,b8:27:eb:86:45:d3,1,49,b8:27:eb:91:35:94,1,50,b8:27:eb:ed:65:fa,1,50,
2020/02/04 21:15:56,21:15:56,000638129,b8:27:eb:02:75:77,1,50,b8:27:eb:40:fe:13,2,50,b8:27:eb:60:f7:bf,2,50,b8:27:eb:86:45:d3,1,50,b8:27:eb:91:35:94,1,50,b8:27:eb:ed:65:fa,1,50,
2020/02/04 21:16:20,21:16:20,000639481,b8:27:eb:02:75:77,1,50,b8:27:eb:40:fe:13,2,50,b8:27:eb:60:f7:bf,2,50,b8:27:eb:86:45:d3,1,50,b8:27:eb:91:35:94,1,51,b8:27:eb:ed:65:fa,1,50,
2020/02/04 21:16:23,21:16:23,000630329,b8:27:eb:02:75:77,1,51,b8:27:eb:40:fe:13,2,51,b8:27:eb:60:f7:bf,2,51,b8:27:eb:86:45:d3,1,50,b8:27:eb:91:35:94,1,51,b8:27:eb:ed:65:fa,1,50,
2020/02/04 21:16:25,21:16:25,000630329,b8:27:eb:02:75:77,1,51,b8:27:eb:40:fe:13,2,51,b8:27:eb:60:f7:bf,2,51,b8:27:eb:86:45:d3,1,50,b8:27:eb:91:35:94,1,51,b8:27:eb:ed:65:fa,1,51,
2020/02/04 21:16:28,21:16:28,000603436,b8:27:eb:02:75:77,1,51,b8:27:eb:40:fe:13,2,51,b8:27:eb:60:f7:bf,2,51,b8:27:eb:86:45:d3,1,51,b8:27:eb:91:35:94,1,51,b8:27:eb:ed:65:fa,1,51,
2020/02/04 21:16:50,21:16:50,000630860,b8:27:eb:02:75:77,1,51,b8:27:eb:40:fe:13,2,51,b8:27:eb:60:f7:bf,2,51,b8:27:eb:86:45:d3,1,51,b8:27:eb:91:35:94,1,52,b8:27:eb:ed:65:fa,1,51,
2020/02/04 21:16:52,21:16:52,000702343,b8:27:eb:02:75:77,1,52,b8:27:eb:40:fe:13,2,51,b8:27:eb:60:f7:bf,2,52,b8:27:eb:86:45:d3,1,51,b8:27:eb:91:35:94,1,52,b8:27:eb:ed:65:fa,1,51,
2020/02/04 21:16:54,21:16:54,000702343,b8:27:eb:02:75:77,1,52,b8:27:eb:40:fe:13,2,51,b8:27:eb:60:f7:bf,2,52,b8:27:eb:86:45:d3,1,51,b8:27:eb:91:35:94,1,52,b8:27:eb:ed:65:fa,1,52,
2020/02/04 21:16:58,21:16:58,000656979,b8:27:eb:02:75:77,1,52,b8:27:eb:40:fe:13,2,51,b8:27:eb:60:f7:bf,2,52,b8:27:eb:86:45:d3,1,52,b8:27:eb:91:35:94,1,52,b8:27:eb:ed:65:fa,1,52,
2020/02/04 21:17:20,21:17:20,000805545,b8:27:eb:02:75:77,1,52,b8:27:eb:40:fe:13,2,51,b8:27:eb:60:f7:bf,2,52,b8:27:eb:86:45:d3,1,52,b8:27:eb:91:35:94,1,53,b8:27:eb:ed:65:fa,1,52,
2020/02/04 21:17:23,21:17:23,000691139,b8:27:eb:02:75:77,1,52,b8:27:eb:40:fe:13,2,51,b8:27:eb:60:f7:bf,2,52,b8:27:eb:86:45:d3,1,52,b8:27:eb:91:35:94,1,53,b8:27:eb:ed:65:fa,1,53,
2020/02/04 21:17:30,21:17:30,000640830,b8:27:eb:02:75:77,1,52,b8:27:eb:40:fe:13,2,51,b8:27:eb:60:f7:bf,2,52,b8:27:eb:86:45:d3,1,53,b8:27:eb:91:35:94,1,53,b8:27:eb:ed:65:fa,1,53,
2020/02/04 21:17:51,21:17:51,000606690,b8:27:eb:02:75:77,1,52,b8:27:eb:40:fe:13,2,51,b8:27:eb:60:f7:bf,2,52,b8:27:eb:86:45:d3,1,53,b8:27:eb:91:35:94,1,54,b8:27:eb:ed:65:fa,1,53,
2020/02/04 21:17:54,21:17:54,000606690,b8:27:eb:02:75:77,2,54,b8:27:eb:40:fe:13,4,53,b8:27:eb:60:f7:bf,3,54,b8:27:eb:86:45:d3,1,53,b8:27:eb:91:35:94,1,54,b8:27:eb:ed:65:fa,1,54,
2020/02/04 21:17:59,21:17:59,000635065,b8:27:eb:02:75:77,2,54,b8:27:eb:40:fe:13,4,53,b8:27:eb:60:f7:bf,3,54,b8:27:eb:86:45:d3,1,54,b8:27:eb:91:35:94,1,54,b8:27:eb:ed:65:fa,1,54,
2020/02/04 21:18:22,21:18:22,000750366,b8:27:eb:02:75:77,1,55,b8:27:eb:40:fe:13,3,53,b8:27:eb:60:f7:bf,2,55,b8:27:eb:86:45:d3,1,54,b8:27:eb:91:35:94,1,54,b8:27:eb:ed:65:fa,1,54,
2020/02/04 21:18:23,21:18:23,000750366,b8:27:eb:02:75:77,1,55,b8:27:eb:40:fe:13,3,53,b8:27:eb:60:f7:bf,2,55,b8:27:eb:86:45:d3,1,54,b8:27:eb:91:35:94,1,55,b8:27:eb:ed:65:fa,1,54,
2020/02/04 21:18:25,21:18:25,000750366,b8:27:eb:02:75:77,1,55,b8:27:eb:40:fe:13,3,53,b8:27:eb:60:f7:bf,2,55,b8:27:eb:86:45:d3,1,54,b8:27:eb:91:35:94,1,55,b8:27:eb:ed:65:fa,1,55,
2020/02/04 21:18:30,21:18:30,000624127,b8:27:eb:02:75:77,1,55,b8:27:eb:40:fe:13,3,53,b8:27:eb:60:f7:bf,2,55,b8:27:eb:86:45:d3,1,55,b8:27:eb:91:35:94,1,55,b8:27:eb:ed:65:fa,1,55,
2020/02/04 21:18:52,21:18:52,000619260,b8:27:eb:02:75:77,1,55,b8:27:eb:40:fe:13,3,53,b8:27:eb:60:f7:bf,2,55,b8:27:eb:86:45:d3,1,55,b8:27:eb:91:35:94,1,56,b8:27:eb:ed:65:fa,1,55,
2020/02/04 21:18:53,21:18:53,000619260,b8:27:eb:02:75:77,1,56,b8:27:eb:40:fe:13,2,56,b8:27:eb:60:f7:bf,2,56,b8:27:eb:86:45:d3,1,55,b8:27:eb:91:35:94,1,56,b8:27:eb:ed:65:fa,1,55,
2020/02/04 21:18:54,21:18:54,000619260,b8:27:eb:02:75:77,1,56,b8:27:eb:40:fe:13,2,56,b8:27:eb:60:f7:bf,2,56,b8:27:eb:86:45:d3,1,55,b8:27:eb:91:35:94,1,56,b8:27:eb:ed:65:fa,1,56,
2020/02/04 21:19:01,21:19:01,000621198,b8:27:eb:02:75:77,1,56,b8:27:eb:40:fe:13,2,56,b8:27:eb:60:f7:bf,2,56,b8:27:eb:86:45:d3,1,56,b8:27:eb:91:35:94,1,56,b8:27:eb:ed:65:fa,1,56,
2020/02/04 21:19:23,21:19:23,000628524,b8:27:eb:02:75:77,1,56,b8:27:eb:40:fe:13,2,56,b8:27:eb:60:f7:bf,2,56,b8:27:eb:86:45:d3,1,56,b8:27:eb:91:35:94,1,57,b8:27:eb:ed:65:fa,1,56,
2020/02/04 21:19:24,21:19:24,000628524,b8:27:eb:02:75:77,1,57,b8:27:eb:40:fe:13,2,57,b8:27:eb:60:f7:bf,2,57,b8:27:eb:86:45:d3,1,56,b8:27:eb:91:35:94,1,57,b8:27:eb:ed:65:fa,1,56,
2020/02/04 21:19:24,21:19:24,000628524,b8:27:eb:02:75:77,1,57,b8:27:eb:40:fe:13,2,57,b8:27:eb:60:f7:bf,2,57,b8:27:eb:86:45:d3,1,56,b8:27:eb:91:35:94,1,57,b8:27:eb:ed:65:fa,1,57,
2020/02/04 21:19:53,21:19:53,000654502,b8:27:eb:02:75:77,1,58,b8:27:eb:40:fe:13,2,58,b8:27:eb:60:f7:bf,2,58,b8:27:eb:86:45:d3,1,56,b8:27:eb:91:35:94,1,57,b8:27:eb:ed:65:fa,1,57,
2020/02/04 21:19:53,21:19:53,000654502,b8:27:eb:02:75:77,1,58,b8:27:eb:40:fe:13,2,58,b8:27:eb:60:f7:bf,2,58,b8:27:eb:86:45:d3,1,56,b8:27:eb:91:35:94,1,58,b8:27:eb:ed:65:fa,1,57,
2020/02/04 21:19:54,21:19:54,000654502,b8:27:eb:02:75:77,1,58,b8:27:eb:40:fe:13,2,58,b8:27:eb:60:f7:bf,2,58,b8:27:eb:86:45:d3,2,57,b8:27:eb:91:35:94,1,58,b8:27:eb:ed:65:fa,1,58,
2020/02/04 21:20:23,21:20:23,000682173,b8:27:eb:02:75:77,1,59,b8:27:eb:40:fe:13,2,59,b8:27:eb:60:f7:bf,2,59,b8:27:eb:86:45:d3,2,57,b8:27:eb:91:35:94,1,58,b8:27:eb:ed:65:fa,1,58,
2020/02/04 21:20:24,21:20:24,000682173,b8:27:eb:02:75:77,1,59,b8:27:eb:40:fe:13,2,59,b8:27:eb:60:f7:bf,2,59,b8:27:eb:86:45:d3,2,57,b8:27:eb:91:35:94,1,59,b8:27:eb:ed:65:fa,1,58,
2020/02/04 21:20:34,21:20:34,000607501,b8:27:eb:02:75:77,1,59,b8:27:eb:40:fe:13,2,59,b8:27:eb:60:f7:bf,2,59,b8:27:eb:86:45:d3,1,59,b8:27:eb:91:35:94,1,59,b8:27:eb:ed:65:fa,1,58,
2020/02/04 21:20:53,21:20:53,000614636,b8:27:eb:02:75:77,1,60,b8:27:eb:40:fe:13,2,60,b8:27:eb:60:f7:bf,2,60,b8:27:eb:86:45:d3,1,59,b8:27:eb:91:35:94,1,59,b8:27:eb:ed:65:fa,1,58,
2020/02/04 21:20:54,21:20:54,000614636,b8:27:eb:02:75:77,1,60,b8:27:eb:40:fe:13,2,60,b8:27:eb:60:f7:bf,2,60,b8:27:eb:86:45:d3,1,59,b8:27:eb:91:35:94,1,59,b8:27:eb:ed:65:fa,1,60,
2020/02/04 21:20:54,21:20:54,000614636,b8:27:eb:02:75:77,1,60,b8:27:eb:40:fe:13,2,60,b8:27:eb:60:f7:bf,2,60,b8:27:eb:86:45:d3,1,59,b8:27:eb:91:35:94,1,60,b8:27:eb:ed:65:fa,1,60,
2020/02/04 21:21:05,21:21:05,000606697,b8:27:eb:02:75:77,1,60,b8:27:eb:40:fe:13,2,60,b8:27:eb:60:f7:bf,2,60,b8:27:eb:86:45:d3,1,60,b8:27:eb:91:35:94,1,60,b8:27:eb:ed:65:fa,1,60,
2020/02/04 21:21:23,21:21:23,000611387,b8:27:eb:02:75:77,1,61,b8:27:eb:40:fe:13,2,61,b8:27:eb:60:f7:bf,2,61,b8:27:eb:86:45:d3,1,60,b8:27:eb:91:35:94,1,60,b8:27:eb:ed:65:fa,1,60,
2020/02/04 21:21:25,21:21:25,000611387,b8:27:eb:02:75:77,1,61,b8:27:eb:40:fe:13,2,61,b8:27:eb:60:f7:bf,2,61,b8:27:eb:86:45:d3,1,60,b8:27:eb:91:35:94,1,61,b8:27:eb:ed:65:fa,1,60,
2020/02/04 21:21:25,21:21:25,000611387,b8:27:eb:02:75:77,1,61,b8:27:eb:40:fe:13,2,61,b8:27:eb:60:f7:bf,2,61,b8:27:eb:86:45:d3,1,60,b8:27:eb:91:35:94,1,61,b8:27:eb:ed:65:fa,1,61,
2020/02/04 21:21:35,21:21:35,000607935,b8:27:eb:02:75:77,1,61,b8:27:eb:40:fe:13,2,61,b8:27:eb:60:f7:bf,2,61,b8:27:eb:86:45:d3,1,61,b8:27:eb:91:35:94,1,61,b8:27:eb:ed:65:fa,1,61,
2020/02/04 21:21:54,21:21:54,000684156,b8:27:eb:02:75:77,1,62,b8:27:eb:40:fe:13,2,62,b8:27:eb:60:f7:bf,2,62,b8:27:eb:86:45:d3,1,61,b8:27:eb:91:35:94,1,61,b8:27:eb:ed:65:fa,1,61,
2020/02/04 21:21:55,21:21:55,000684156,b8:27:eb:02:75:77,1,62,b8:27:eb:40:fe:13,2,62,b8:27:eb:60:f7:bf,2,62,b8:27:eb:86:45:d3,1,61,b8:27:eb:91:35:94,1,62,b8:27:eb:ed:65:fa,1,61,
2020/02/04 21:21:55,21:21:55,000684156,b8:27:eb:02:75:77,1,62,b8:27:eb:40:fe:13,2,62,b8:27:eb:60:f7:bf,2,62,b8:27:eb:86:45:d3,1,61,b8:27:eb:91:35:94,1,62,b8:27:eb:ed:65:fa,1,62,
2020/02/04 21:22:04,21:22:04,000616433,b8:27:eb:02:75:77,1,62,b8:27:eb:40:fe:13,2,62,b8:27:eb:60:f7:bf,2,62,b8:27:eb:86:45:d3,1,62,b8:27:eb:91:35:94,1,62,b8:27:eb:ed:65:fa,1,62,
2020/02/04 21:22:24,21:22:24,000735602,b8:27:eb:02:75:77,1,62,b8:27:eb:40:fe:13,2,62,b8:27:eb:60:f7:bf,2,62,b8:27:eb:86:45:d3,1,62,b8:27:eb:91:35:94,1,63,b8:27:eb:ed:65:fa,1,62,
2020/02/04 21:22:24,21:22:24,000735602,b8:27:eb:02:75:77,1,63,b8:27:eb:40:fe:13,2,63,b8:27:eb:60:f7:bf,2,63,b8:27:eb:86:45:d3,1,62,b8:27:eb:91:35:94,1,63,b8:27:eb:ed:65:fa,1,62,
2020/02/04 21:22:25,21:22:25,000735602,b8:27:eb:02:75:77,1,63,b8:27:eb:40:fe:13,2,63,b8:27:eb:60:f7:bf,2,63,b8:27:eb:86:45:d3,1,62,b8:27:eb:91:35:94,1,63,b8:27:eb:ed:65:fa,1,63,
2020/02/04 21:22:35,21:22:35,000632712,b8:27:eb:02:75:77,1,63,b8:27:eb:40:fe:13,2,63,b8:27:eb:60:f7:bf,2,63,b8:27:eb:86:45:d3,1,63,b8:27:eb:91:35:94,1,63,b8:27:eb:ed:65:fa,1,63,
2020/02/04 21:22:53,21:22:53,000657025,b8:27:eb:02:75:77,1,63,b8:27:eb:40:fe:13,2,63,b8:27:eb:60:f7:bf,2,63,b8:27:eb:86:45:d3,1,63,b8:27:eb:91:35:94,1,64,b8:27:eb:ed:65:fa,1,63,
2020/02/04 21:22:54,21:22:54,000657025,b8:27:eb:02:75:77,1,63,b8:27:eb:40:fe:13,2,63,b8:27:eb:60:f7:bf,2,63,b8:27:eb:86:45:d3,1,63,b8:27:eb:91:35:94,1,64,b8:27:eb:ed:65:fa,1,64,
2020/02/04 21:22:55,21:22:55,000657025,b8:27:eb:02:75:77,1,64,b8:27:eb:40:fe:13,2,64,b8:27:eb:60:f7:bf,2,64,b8:27:eb:86:45:d3,1,63,b8:27:eb:91:35:94,1,64,b8:27:eb:ed:65:fa,1,64,
2020/02/04 21:23:04,21:23:04,000635206,b8:27:eb:02:75:77,1,64,b8:27:eb:40:fe:13,2,64,b8:27:eb:60:f7:bf,2,64,b8:27:eb:86:45:d3,1,64,b8:27:eb:91:35:94,1,64,b8:27:eb:ed:65:fa,1,64,
2020/02/04 21:23:24,21:23:24,000635659,b8:27:eb:02:75:77,1,64,b8:27:eb:40:fe:13,2,64,b8:27:eb:60:f7:bf,2,64,b8:27:eb:86:45:d3,1,64,b8:27:eb:91:35:94,1,65,b8:27:eb:ed:65:fa,1,64,
2020/02/04 21:23:25,21:23:25,000635659,b8:27:eb:02:75:77,1,64,b8:27:eb:40:fe:13,2,64,b8:27:eb:60:f7:bf,2,64,b8:27:eb:86:45:d3,1,64,b8:27:eb:91:35:94,1,65,b8:27:eb:ed:65:fa,1,65,
2020/02/04 21:23:26,21:23:26,000635659,b8:27:eb:02:75:77,1,65,b8:27:eb:40:fe:13,2,65,b8:27:eb:60:f7:bf,2,65,b8:27:eb:86:45:d3,1,64,b8:27:eb:91:35:94,1,65,b8:27:eb:ed:65:fa,1,65,
2020/02/04 21:23:34,21:23:34,000640676,b8:27:eb:02:75:77,1,65,b8:27:eb:40:fe:13,2,65,b8:27:eb:60:f7:bf,2,65,b8:27:eb:86:45:d3,1,65,b8:27:eb:91:35:94,1,65,b8:27:eb:ed:65:fa,1,65,
2020/02/04 21:23:55,21:23:55,000635081,b8:27:eb:02:75:77,1,66,b8:27:eb:40:fe:13,2,66,b8:27:eb:60:f7:bf,2,65,b8:27:eb:86:45:d3,1,65,b8:27:eb:91:35:94,1,65,b8:27:eb:ed:65:fa,2,66,
2020/02/04 21:24:05,21:24:05,000729626,b8:27:eb:02:75:77,1,66,b8:27:eb:40:fe:13,2,66,b8:27:eb:60:f7:bf,2,65,b8:27:eb:86:45:d3,1,66,b8:27:eb:91:35:94,1,65,b8:27:eb:ed:65:fa,2,66,
2020/02/04 21:24:23,21:24:23,000620796,b8:27:eb:02:75:77,1,66,b8:27:eb:40:fe:13,2,66,b8:27:eb:60:f7:bf,2,65,b8:27:eb:86:45:d3,1,66,b8:27:eb:91:35:94,1,65,b8:27:eb:ed:65:fa,1,67,
2020/02/04 21:24:25,21:24:25,000620796,b8:27:eb:02:75:77,1,66,b8:27:eb:40:fe:13,2,66,b8:27:eb:60:f7:bf,2,65,b8:27:eb:86:45:d3,1,66,b8:27:eb:91:35:94,1,67,b8:27:eb:ed:65:fa,1,67,
2020/02/04 21:24:25,21:24:25,000620796,b8:27:eb:02:75:77,1,67,b8:27:eb:40:fe:13,2,67,b8:27:eb:60:f7:bf,2,67,b8:27:eb:86:45:d3,1,66,b8:27:eb:91:35:94,1,67,b8:27:eb:ed:65:fa,1,67,
2020/02/04 21:24:34,21:24:34,000609068,b8:27:eb:02:75:77,1,67,b8:27:eb:40:fe:13,2,67,b8:27:eb:60:f7:bf,2,67,b8:27:eb:86:45:d3,1,67,b8:27:eb:91:35:94,1,67,b8:27:eb:ed:65:fa,1,67,
2020/02/04 21:24:53,21:24:53,000602832,b8:27:eb:02:75:77,1,67,b8:27:eb:40:fe:13,2,67,b8:27:eb:60:f7:bf,2,67,b8:27:eb:86:45:d3,1,67,b8:27:eb:91:35:94,1,67,b8:27:eb:ed:65:fa,1,68,
2020/02/04 21:24:54,21:24:54,000602832,b8:27:eb:02:75:77,1,68,b8:27:eb:40:fe:13,2,68,b8:27:eb:60:f7:bf,2,68,b8:27:eb:86:45:d3,1,67,b8:27:eb:91:35:94,1,67,b8:27:eb:ed:65:fa,1,68,
2020/02/04 21:24:55,21:24:55,000602832,b8:27:eb:02:75:77,1,68,b8:27:eb:40:fe:13,2,68,b8:27:eb:60:f7:bf,2,68,b8:27:eb:86:45:d3,1,67,b8:27:eb:91:35:94,1,68,b8:27:eb:ed:65:fa,1,68,
2020/02/04 21:25:04,21:25:04,000614445,b8:27:eb:02:75:77,1,68,b8:27:eb:40:fe:13,2,68,b8:27:eb:60:f7:bf,2,68,b8:27:eb:86:45:d3,1,68,b8:27:eb:91:35:94,1,68,b8:27:eb:ed:65:fa,1,68,
2020/02/04 21:25:24,21:25:24,000568347,b8:27:eb:02:75:77,1,68,b8:27:eb:40:fe:13,2,68,b8:27:eb:60:f7:bf,2,68,b8:27:eb:86:45:d3,1,68,b8:27:eb:91:35:94,1,68,b8:27:eb:ed:65:fa,1,69,
2020/02/04 21:25:25,21:25:25,000568347,b8:27:eb:02:75:77,1,69,b8:27:eb:40:fe:13,2,69,b8:27:eb:60:f7:bf,2,69,b8:27:eb:86:45:d3,1,68,b8:27:eb:91:35:94,1,68,b8:27:eb:ed:65:fa,1,69,
2020/02/04 21:25:26,21:25:26,000568347,b8:27:eb:02:75:77,1,69,b8:27:eb:40:fe:13,2,69,b8:27:eb:60:f7:bf,2,69,b8:27:eb:86:45:d3,1,68,b8:27:eb:91:35:94,1,69,b8:27:eb:ed:65:fa,1,69,
2020/02/04 21:25:36,21:25:36,000610414,b8:27:eb:02:75:77,1,69,b8:27:eb:40:fe:13,2,69,b8:27:eb:60:f7:bf,2,69,b8:27:eb:86:45:d3,1,69,b8:27:eb:91:35:94,1,69,b8:27:eb:ed:65:fa,1,69,
2020/02/04 21:25:55,21:25:55,000608143,b8:27:eb:02:75:77,1,69,b8:27:eb:40:fe:13,2,69,b8:27:eb:60:f7:bf,2,69,b8:27:eb:86:45:d3,1,69,b8:27:eb:91:35:94,1,69,b8:27:eb:ed:65:fa,1,70,
2020/02/04 21:25:55,21:25:55,000608143,b8:27:eb:02:75:77,1,69,b8:27:eb:40:fe:13,2,69,b8:27:eb:60:f7:bf,2,69,b8:27:eb:86:45:d3,1,69,b8:27:eb:91:35:94,1,70,b8:27:eb:ed:65:fa,1,70,
2020/02/04 21:25:56,21:25:56,000608143,b8:27:eb:02:75:77,1,70,b8:27:eb:40:fe:13,2,70,b8:27:eb:60:f7:bf,2,70,b8:27:eb:86:45:d3,1,69,b8:27:eb:91:35:94,1,70,b8:27:eb:ed:65:fa,1,70,
2020/02/04 21:26:06,21:26:06,000599494,b8:27:eb:02:75:77,1,70,b8:27:eb:40:fe:13,2,70,b8:27:eb:60:f7:bf,2,70,b8:27:eb:86:45:d3,1,70,b8:27:eb:91:35:94,1,70,b8:27:eb:ed:65:fa,1,70,
2020/02/04 21:26:25,21:26:25,000663225,b8:27:eb:02:75:77,1,70,b8:27:eb:40:fe:13,2,70,b8:27:eb:60:f7:bf,2,70,b8:27:eb:86:45:d3,1,70,b8:27:eb:91:35:94,1,70,b8:27:eb:ed:65:fa,1,71,
2020/02/04 21:26:26,21:26:26,000663225,b8:27:eb:02:75:77,1,70,b8:27:eb:40:fe:13,2,70,b8:27:eb:60:f7:bf,2,70,b8:27:eb:86:45:d3,1,70,b8:27:eb:91:35:94,1,71,b8:27:eb:ed:65:fa,1,71,
2020/02/04 21:26:26,21:26:26,000663225,b8:27:eb:02:75:77,1,71,b8:27:eb:40:fe:13,2,70,b8:27:eb:60:f7:bf,2,71,b8:27:eb:86:45:d3,1,70,b8:27:eb:91:35:94,1,71,b8:27:eb:ed:65:fa,1,71,
2020/02/04 21:26:37,21:26:37,000655709,b8:27:eb:02:75:77,1,71,b8:27:eb:40:fe:13,2,70,b8:27:eb:60:f7:bf,2,71,b8:27:eb:86:45:d3,1,71,b8:27:eb:91:35:94,1,71,b8:27:eb:ed:65:fa,1,71,
2020/02/04 21:26:55,21:26:55,000661157,b8:27:eb:02:75:77,1,71,b8:27:eb:40:fe:13,2,70,b8:27:eb:60:f7:bf,2,71,b8:27:eb:86:45:d3,1,71,b8:27:eb:91:35:94,1,72,b8:27:eb:ed:65:fa,1,71,
2020/02/04 21:26:56,21:26:56,000661157,b8:27:eb:02:75:77,1,72,b8:27:eb:40:fe:13,2,72,b8:27:eb:60:f7:bf,2,72,b8:27:eb:86:45:d3,1,71,b8:27:eb:91:35:94,1,72,b8:27:eb:ed:65:fa,1,71,
2020/02/04 21:27:07,21:27:07,000885891,b8:27:eb:02:75:77,1,72,b8:27:eb:40:fe:13,2,72,b8:27:eb:60:f7:bf,2,72,b8:27:eb:86:45:d3,1,72,b8:27:eb:91:35:94,1,72,b8:27:eb:ed:65:fa,1,71,
2020/02/04 21:27:25,21:27:25,000619447,b8:27:eb:02:75:77,1,72,b8:27:eb:40:fe:13,2,72,b8:27:eb:60:f7:bf,2,72,b8:27:eb:86:45:d3,1,72,b8:27:eb:91:35:94,1,73,b8:27:eb:ed:65:fa,2,72,
2020/02/04 21:27:26,21:27:26,000619447,b8:27:eb:02:75:77,1,73,b8:27:eb:40:fe:13,2,73,b8:27:eb:60:f7:bf,2,73,b8:27:eb:86:45:d3,1,72,b8:27:eb:91:35:94,1,73,b8:27:eb:ed:65:fa,2,72,
2020/02/04 21:27:37,21:27:37,000626508,b8:27:eb:02:75:77,1,73,b8:27:eb:40:fe:13,2,73,b8:27:eb:60:f7:bf,2,73,b8:27:eb:86:45:d3,1,73,b8:27:eb:91:35:94,1,73,b8:27:eb:ed:65:fa,2,72,
2020/02/04 21:27:54,21:27:54,000618777,b8:27:eb:02:75:77,1,73,b8:27:eb:40:fe:13,2,73,b8:27:eb:60:f7:bf,2,73,b8:27:eb:86:45:d3,1,73,b8:27:eb:91:35:94,1,74,b8:27:eb:ed:65:fa,2,72,
2020/02/04 21:27:56,21:27:56,000618777,b8:27:eb:02:75:77,1,73,b8:27:eb:40:fe:13,2,73,b8:27:eb:60:f7:bf,2,73,b8:27:eb:86:45:d3,1,73,b8:27:eb:91:35:94,1,74,b8:27:eb:ed:65:fa,1,74,
2020/02/04 21:28:07,21:28:07,000645789,b8:27:eb:02:75:77,2,74,b8:27:eb:40:fe:13,2,73,b8:27:eb:60:f7:bf,3,74,b8:27:eb:86:45:d3,1,74,b8:27:eb:91:35:94,1,74,b8:27:eb:ed:65:fa,1,74,
2020/02/04 21:28:25,21:28:25,000631700,b8:27:eb:02:75:77,2,74,b8:27:eb:40:fe:13,2,73,b8:27:eb:60:f7:bf,3,74,b8:27:eb:86:45:d3,1,74,b8:27:eb:91:35:94,1,75,b8:27:eb:ed:65:fa,1,74,
2020/02/04 21:28:38,21:28:38,000598945,b8:27:eb:02:75:77,2,74,b8:27:eb:40:fe:13,2,73,b8:27:eb:60:f7:bf,3,74,b8:27:eb:86:45:d3,1,75,b8:27:eb:91:35:94,1,75,b8:27:eb:ed:65:fa,2,75,
2020/02/04 21:28:56,21:28:56,000636756,b8:27:eb:02:75:77,2,74,b8:27:eb:40:fe:13,2,73,b8:27:eb:60:f7:bf,3,74,b8:27:eb:86:45:d3,1,75,b8:27:eb:91:35:94,1,76,b8:27:eb:ed:65:fa,2,75,
2020/02/04 21:28:58,21:28:58,000838098,b8:27:eb:02:75:77,2,76,b8:27:eb:40:fe:13,3,76,b8:27:eb:60:f7:bf,3,76,b8:27:eb:86:45:d3,1,75,b8:27:eb:91:35:94,1,76,b8:27:eb:ed:65:fa,1,76,
2020/02/04 21:29:26,21:29:26,000614931,b8:27:eb:02:75:77,2,76,b8:27:eb:40:fe:13,3,76,b8:27:eb:60:f7:bf,3,76,b8:27:eb:86:45:d3,2,76,b8:27:eb:91:35:94,1,77,b8:27:eb:ed:65:fa,1,76,
2020/02/04 21:29:28,21:29:28,000618569,b8:27:eb:02:75:77,2,76,b8:27:eb:40:fe:13,3,76,b8:27:eb:60:f7:bf,3,76,b8:27:eb:86:45:d3,2,76,b8:27:eb:91:35:94,1,77,b8:27:eb:ed:65:fa,1,77,
2020/02/04 21:29:38,21:29:38,000660875,b8:27:eb:02:75:77,2,76,b8:27:eb:40:fe:13,3,76,b8:27:eb:60:f7:bf,3,76,b8:27:eb:86:45:d3,1,77,b8:27:eb:91:35:94,1,77,b8:27:eb:ed:65:fa,1,77,
2020/02/04 21:29:59,21:29:59,000617003,b8:27:eb:02:75:77,2,78,b8:27:eb:40:fe:13,3,78,b8:27:eb:60:f7:bf,3,78,b8:27:eb:86:45:d3,1,77,b8:27:eb:91:35:94,2,78,b8:27:eb:ed:65:fa,1,78,
2020/02/04 21:30:08,21:30:08,000656459,b8:27:eb:02:75:77,2,78,b8:27:eb:40:fe:13,3,78,b8:27:eb:60:f7:bf,3,78,b8:27:eb:86:45:d3,1,78,b8:27:eb:91:35:94,2,78,b8:27:eb:ed:65:fa,1,78,
2020/02/04 21:30:26,21:30:26,000713051,b8:27:eb:02:75:77,2,78,b8:27:eb:40:fe:13,3,78,b8:27:eb:60:f7:bf,3,78,b8:27:eb:86:45:d3,1,78,b8:27:eb:91:35:94,1,79,b8:27:eb:ed:65:fa,1,78,
2020/02/04 21:30:29,21:30:29,000621880,b8:27:eb:02:75:77,2,78,b8:27:eb:40:fe:13,3,78,b8:27:eb:60:f7:bf,3,78,b8:27:eb:86:45:d3,1,78,b8:27:eb:91:35:94,1,79,b8:27:eb:ed:65:fa,1,79,
2020/02/04 21:30:30,21:30:30,000621880,b8:27:eb:02:75:77,1,79,b8:27:eb:40:fe:13,2,79,b8:27:eb:60:f7:bf,2,79,b8:27:eb:86:45:d3,1,78,b8:27:eb:91:35:94,1,79,b8:27:eb:ed:65:fa,1,79,
2020/02/04 21:30:38,21:30:38,000618911,b8:27:eb:02:75:77,1,79,b8:27:eb:40:fe:13,2,79,b8:27:eb:60:f7:bf,2,79,b8:27:eb:86:45:d3,1,79,b8:27:eb:91:35:94,1,79,b8:27:eb:ed:65:fa,1,79,
2020/02/04 21:30:56,21:30:56,000644017,b8:27:eb:02:75:77,1,79,b8:27:eb:40:fe:13,2,79,b8:27:eb:60:f7:bf,2,79,b8:27:eb:86:45:d3,1,79,b8:27:eb:91:35:94,1,80,b8:27:eb:ed:65:fa,1,79,
2020/02/04 21:30:58,21:30:58,000764749,b8:27:eb:02:75:77,1,79,b8:27:eb:40:fe:13,2,79,b8:27:eb:60:f7:bf,2,79,b8:27:eb:86:45:d3,1,79,b8:27:eb:91:35:94,1,80,b8:27:eb:ed:65:fa,1,80,
2020/02/04 21:31:00,21:31:00,000764749,b8:27:eb:02:75:77,1,80,b8:27:eb:40:fe:13,2,80,b8:27:eb:60:f7:bf,2,80,b8:27:eb:86:45:d3,1,79,b8:27:eb:91:35:94,1,80,b8:27:eb:ed:65:fa,1,80,
2020/02/04 21:31:07,21:31:07,000656394,b8:27:eb:02:75:77,1,80,b8:27:eb:40:fe:13,2,80,b8:27:eb:60:f7:bf,2,80,b8:27:eb:86:45:d3,1,80,b8:27:eb:91:35:94,1,80,b8:27:eb:ed:65:fa,1,80,
2020/02/04 21:31:26,21:31:26,000659516,b8:27:eb:02:75:77,1,80,b8:27:eb:40:fe:13,2,80,b8:27:eb:60:f7:bf,2,80,b8:27:eb:86:45:d3,1,80,b8:27:eb:91:35:94,1,81,b8:27:eb:ed:65:fa,1,80,
2020/02/04 21:31:28,21:31:28,000622420,b8:27:eb:02:75:77,1,80,b8:27:eb:40:fe:13,2,80,b8:27:eb:60:f7:bf,2,80,b8:27:eb:86:45:d3,1,80,b8:27:eb:91:35:94,1,81,b8:27:eb:ed:65:fa,1,81,
2020/02/04 21:31:31,21:31:31,000622420,b8:27:eb:02:75:77,1,81,b8:27:eb:40:fe:13,2,81,b8:27:eb:60:f7:bf,2,81,b8:27:eb:86:45:d3,1,80,b8:27:eb:91:35:94,1,81,b8:27:eb:ed:65:fa,1,81,
2020/02/04 21:31:37,21:31:37,000612487,b8:27:eb:02:75:77,1,81,b8:27:eb:40:fe:13,2,81,b8:27:eb:60:f7:bf,2,81,b8:27:eb:86:45:d3,1,81,b8:27:eb:91:35:94,1,81,b8:27:eb:ed:65:fa,1,81,
2020/02/04 21:31:56,21:31:56,000657449,b8:27:eb:02:75:77,1,81,b8:27:eb:40:fe:13,2,81,b8:27:eb:60:f7:bf,2,81,b8:27:eb:86:45:d3,1,81,b8:27:eb:91:35:94,1,82,b8:27:eb:ed:65:fa,1,81,
2020/02/04 21:31:59,21:31:59,000629509,b8:27:eb:02:75:77,1,81,b8:27:eb:40:fe:13,2,81,b8:27:eb:60:f7:bf,2,81,b8:27:eb:86:45:d3,1,81,b8:27:eb:91:35:94,1,82,b8:27:eb:ed:65:fa,1,82,
2020/02/04 21:32:00,21:32:00,000629509,b8:27:eb:02:75:77,1,82,b8:27:eb:40:fe:13,2,82,b8:27:eb:60:f7:bf,2,82,b8:27:eb:86:45:d3,1,81,b8:27:eb:91:35:94,1,82,b8:27:eb:ed:65:fa,1,82,
2020/02/04 21:32:08,21:32:08,000662902,b8:27:eb:02:75:77,1,82,b8:27:eb:40:fe:13,2,82,b8:27:eb:60:f7:bf,2,82,b8:27:eb:86:45:d3,1,82,b8:27:eb:91:35:94,1,82,b8:27:eb:ed:65:fa,1,82,
2020/02/04 21:32:30,21:32:30,000614385,b8:27:eb:02:75:77,1,83,b8:27:eb:40:fe:13,2,83,b8:27:eb:60:f7:bf,2,83,b8:27:eb:86:45:d3,1,82,b8:27:eb:91:35:94,1,82,b8:27:eb:ed:65:fa,1,82,
2020/02/04 21:32:38,21:32:38,000695953,b8:27:eb:02:75:77,1,83,b8:27:eb:40:fe:13,2,83,b8:27:eb:60:f7:bf,2,83,b8:27:eb:86:45:d3,1,83,b8:27:eb:91:35:94,1,82,b8:27:eb:ed:65:fa,1,82,
2020/02/04 21:32:58,21:32:58,000615775,b8:27:eb:02:75:77,1,83,b8:27:eb:40:fe:13,2,83,b8:27:eb:60:f7:bf,2,83,b8:27:eb:86:45:d3,1,83,b8:27:eb:91:35:94,1,82,b8:27:eb:ed:65:fa,1,84,
2020/02/04 21:33:00,21:33:00,000615775,b8:27:eb:02:75:77,1,84,b8:27:eb:40:fe:13,2,84,b8:27:eb:60:f7:bf,2,84,b8:27:eb:86:45:d3,1,83,b8:27:eb:91:35:94,1,82,b8:27:eb:ed:65:fa,1,84,
2020/02/04 21:33:28,21:33:28,000616365,b8:27:eb:02:75:77,1,84,b8:27:eb:40:fe:13,2,84,b8:27:eb:60:f7:bf,2,84,b8:27:eb:86:45:d3,2,84,b8:27:eb:91:35:94,2,85,b8:27:eb:ed:65:fa,1,85,
2020/02/04 21:33:30,21:33:30,000616365,b8:27:eb:02:75:77,1,85,b8:27:eb:40:fe:13,2,85,b8:27:eb:60:f7:bf,2,85,b8:27:eb:86:45:d3,2,84,b8:27:eb:91:35:94,2,85,b8:27:eb:ed:65:fa,1,85,
2020/02/04 21:33:40,21:33:40,000617326,b8:27:eb:02:75:77,1,85,b8:27:eb:40:fe:13,2,85,b8:27:eb:60:f7:bf,2,85,b8:27:eb:86:45:d3,1,85,b8:27:eb:91:35:94,2,85,b8:27:eb:ed:65:fa,1,85,
2020/02/04 21:33:58,21:33:58,000613996,b8:27:eb:02:75:77,1,85,b8:27:eb:40:fe:13,2,85,b8:27:eb:60:f7:bf,2,85,b8:27:eb:86:45:d3,1,85,b8:27:eb:91:35:94,1,86,b8:27:eb:ed:65:fa,1,85,
2020/02/04 21:33:59,21:33:59,000613996,b8:27:eb:02:75:77,1,85,b8:27:eb:40:fe:13,2,85,b8:27:eb:60:f7:bf,2,85,b8:27:eb:86:45:d3,1,85,b8:27:eb:91:35:94,1,86,b8:27:eb:ed:65:fa,1,86,
2020/02/04 21:34:00,21:34:00,000613996,b8:27:eb:02:75:77,1,86,b8:27:eb:40:fe:13,2,86,b8:27:eb:60:f7:bf,2,86,b8:27:eb:86:45:d3,1,85,b8:27:eb:91:35:94,1,86,b8:27:eb:ed:65:fa,1,86,
2020/02/04 21:34:11,21:34:11,000679207,b8:27:eb:02:75:77,1,86,b8:27:eb:40:fe:13,2,86,b8:27:eb:60:f7:bf,2,86,b8:27:eb:86:45:d3,1,86,b8:27:eb:91:35:94,1,86,b8:27:eb:ed:65:fa,1,86,
2020/02/04 21:34:29,21:34:29,000617913,b8:27:eb:02:75:77,1,86,b8:27:eb:40:fe:13,2,86,b8:27:eb:60:f7:bf,2,86,b8:27:eb:86:45:d3,1,86,b8:27:eb:91:35:94,1,87,b8:27:eb:ed:65:fa,1,86,
2020/02/04 21:34:29,21:34:29,000617913,b8:27:eb:02:75:77,1,86,b8:27:eb:40:fe:13,2,86,b8:27:eb:60:f7:bf,2,86,b8:27:eb:86:45:d3,1,86,b8:27:eb:91:35:94,1,87,b8:27:eb:ed:65:fa,1,87,
2020/02/04 21:34:31,21:34:31,000617913,b8:27:eb:02:75:77,1,87,b8:27:eb:40:fe:13,2,87,b8:27:eb:60:f7:bf,2,87,b8:27:eb:86:45:d3,1,86,b8:27:eb:91:35:94,1,87,b8:27:eb:ed:65:fa,1,87,
2020/02/04 21:34:41,21:34:41,000648583,b8:27:eb:02:75:77,1,87,b8:27:eb:40:fe:13,2,87,b8:27:eb:60:f7:bf,2,87,b8:27:eb:86:45:d3,1,87,b8:27:eb:91:35:94,1,87,b8:27:eb:ed:65:fa,1,87,
2020/02/04 21:34:58,21:34:58,000655015,b8:27:eb:02:75:77,1,87,b8:27:eb:40:fe:13,2,87,b8:27:eb:60:f7:bf,2,87,b8:27:eb:86:45:d3,1,87,b8:27:eb:91:35:94,1,88,b8:27:eb:ed:65:fa,1,87,
2020/02/04 21:34:59,21:34:59,000655015,b8:27:eb:02:75:77,1,87,b8:27:eb:40:fe:13,2,87,b8:27:eb:60:f7:bf,2,87,b8:27:eb:86:45:d3,1,87,b8:27:eb:91:35:94,1,88,b8:27:eb:ed:65:fa,1,88,
2020/02/04 21:35:00,21:35:00,000655015,b8:27:eb:02:75:77,1,88,b8:27:eb:40:fe:13,2,88,b8:27:eb:60:f7:bf,2,87,b8:27:eb:86:45:d3,1,87,b8:27:eb:91:35:94,1,88,b8:27:eb:ed:65:fa,1,88,
2020/02/04 21:35:10,21:35:10,000655945,b8:27:eb:02:75:77,1,88,b8:27:eb:40:fe:13,2,88,b8:27:eb:60:f7:bf,2,87,b8:27:eb:86:45:d3,1,88,b8:27:eb:91:35:94,1,88,b8:27:eb:ed:65:fa,1,88,
2020/02/04 21:35:30,21:35:30,000611628,b8:27:eb:02:75:77,1,89,b8:27:eb:40:fe:13,2,89,b8:27:eb:60:f7:bf,2,87,b8:27:eb:86:45:d3,1,88,b8:27:eb:91:35:94,1,88,b8:27:eb:ed:65:fa,2,89,
2020/02/04 21:35:41,21:35:41,000620222,b8:27:eb:02:75:77,1,89,b8:27:eb:40:fe:13,2,89,b8:27:eb:60:f7:bf,2,87,b8:27:eb:86:45:d3,1,89,b8:27:eb:91:35:94,1,88,b8:27:eb:ed:65:fa,2,89,
2020/02/04 21:36:00,21:36:00,000663814,b8:27:eb:02:75:77,1,89,b8:27:eb:40:fe:13,2,89,b8:27:eb:60:f7:bf,2,87,b8:27:eb:86:45:d3,1,89,b8:27:eb:91:35:94,1,88,b8:27:eb:ed:65:fa,1,90,
2020/02/04 21:36:00,21:36:00,000663814,b8:27:eb:02:75:77,1,89,b8:27:eb:40:fe:13,2,89,b8:27:eb:60:f7:bf,2,87,b8:27:eb:86:45:d3,1,89,b8:27:eb:91:35:94,1,90,b8:27:eb:ed:65:fa,1,90,
2020/02/04 21:36:01,21:36:01,000663814,b8:27:eb:02:75:77,1,90,b8:27:eb:40:fe:13,2,90,b8:27:eb:60:f7:bf,2,90,b8:27:eb:86:45:d3,1,89,b8:27:eb:91:35:94,1,90,b8:27:eb:ed:65:fa,1,90,
2020/02/04 21:36:11,21:36:11,000662530,b8:27:eb:02:75:77,1,90,b8:27:eb:40:fe:13,2,90,b8:27:eb:60:f7:bf,2,90,b8:27:eb:86:45:d3,1,90,b8:27:eb:91:35:94,1,90,b8:27:eb:ed:65:fa,1,90,
2020/02/04 21:36:30,21:36:30,000659513,b8:27:eb:02:75:77,1,90,b8:27:eb:40:fe:13,2,90,b8:27:eb:60:f7:bf,2,90,b8:27:eb:86:45:d3,1,90,b8:27:eb:91:35:94,1,90,b8:27:eb:ed:65:fa,1,91,
2020/02/04 21:36:31,21:36:31,000659513,b8:27:eb:02:75:77,1,91,b8:27:eb:40:fe:13,2,91,b8:27:eb:60:f7:bf,2,91,b8:27:eb:86:45:d3,1,90,b8:27:eb:91:35:94,1,90,b8:27:eb:ed:65:fa,1,91,
2020/02/04 21:36:32,21:36:32,000659513,b8:27:eb:02:75:77,1,91,b8:27:eb:40:fe:13,2,91,b8:27:eb:60:f7:bf,2,91,b8:27:eb:86:45:d3,1,90,b8:27:eb:91:35:94,1,91,b8:27:eb:ed:65:fa,1,91,
2020/02/04 21:36:40,21:36:40,000616899,b8:27:eb:02:75:77,1,91,b8:27:eb:40:fe:13,2,91,b8:27:eb:60:f7:bf,2,91,b8:27:eb:86:45:d3,1,91,b8:27:eb:91:35:94,1,91,b8:27:eb:ed:65:fa,1,91,
2020/02/04 21:37:01,21:37:01,000660930,b8:27:eb:02:75:77,1,91,b8:27:eb:40:fe:13,2,91,b8:27:eb:60:f7:bf,2,91,b8:27:eb:86:45:d3,1,91,b8:27:eb:91:35:94,1,91,b8:27:eb:ed:65:fa,1,92,
2020/02/04 21:37:01,21:37:01,000660930,b8:27:eb:02:75:77,1,91,b8:27:eb:40:fe:13,2,91,b8:27:eb:60:f7:bf,2,91,b8:27:eb:86:45:d3,1,91,b8:27:eb:91:35:94,1,92,b8:27:eb:ed:65:fa,1,92,
2020/02/04 21:37:10,21:37:10,000629546,b8:27:eb:02:75:77,1,91,b8:27:eb:40:fe:13,2,91,b8:27:eb:60:f7:bf,2,91,b8:27:eb:86:45:d3,1,92,b8:27:eb:91:35:94,1,92,b8:27:eb:ed:65:fa,1,92,
2020/02/04 21:37:30,21:37:30,000624699,b8:27:eb:02:75:77,1,91,b8:27:eb:40:fe:13,2,91,b8:27:eb:60:f7:bf,2,91,b8:27:eb:86:45:d3,1,92,b8:27:eb:91:35:94,1,92,b8:27:eb:ed:65:fa,1,93,
2020/02/04 21:37:31,21:37:31,000624699,b8:27:eb:02:75:77,1,93,b8:27:eb:40:fe:13,2,93,b8:27:eb:60:f7:bf,2,93,b8:27:eb:86:45:d3,1,92,b8:27:eb:91:35:94,1,92,b8:27:eb:ed:65:fa,1,93,
2020/02/04 21:37:40,21:37:40,000650593,b8:27:eb:02:75:77,1,93,b8:27:eb:40:fe:13,2,93,b8:27:eb:60:f7:bf,2,93,b8:27:eb:86:45:d3,1,93,b8:27:eb:91:35:94,2,93,b8:27:eb:ed:65:fa,1,93,
2020/02/04 21:38:01,21:38:01,000670888,b8:27:eb:02:75:77,1,93,b8:27:eb:40:fe:13,2,93,b8:27:eb:60:f7:bf,2,93,b8:27:eb:86:45:d3,1,93,b8:27:eb:91:35:94,2,93,b8:27:eb:ed:65:fa,1,94,
2020/02/04 21:38:01,21:38:01,000670888,b8:27:eb:02:75:77,1,94,b8:27:eb:40:fe:13,2,94,b8:27:eb:60:f7:bf,2,93,b8:27:eb:86:45:d3,1,93,b8:27:eb:91:35:94,2,93,b8:27:eb:ed:65:fa,1,94,
2020/02/04 21:38:02,21:38:02,000670888,b8:27:eb:02:75:77,1,94,b8:27:eb:40:fe:13,2,94,b8:27:eb:60:f7:bf,2,93,b8:27:eb:86:45:d3,1,93,b8:27:eb:91:35:94,1,94,b8:27:eb:ed:65:fa,1,94,
2020/02/04 21:38:10,21:38:10,000623235,b8:27:eb:02:75:77,1,94,b8:27:eb:40:fe:13,2,94,b8:27:eb:60:f7:bf,2,93,b8:27:eb:86:45:d3,1,94,b8:27:eb:91:35:94,1,94,b8:27:eb:ed:65:fa,1,94,
2020/02/04 21:38:33,21:38:33,000632439,b8:27:eb:02:75:77,1,94,b8:27:eb:40:fe:13,2,94,b8:27:eb:60:f7:bf,2,93,b8:27:eb:86:45:d3,1,94,b8:27:eb:91:35:94,1,95,b8:27:eb:ed:65:fa,1,94,
2020/02/04 21:38:41,21:38:41,000694623,b8:27:eb:02:75:77,1,94,b8:27:eb:40:fe:13,2,94,b8:27:eb:60:f7:bf,2,93,b8:27:eb:86:45:d3,1,95,b8:27:eb:91:35:94,1,95,b8:27:eb:ed:65:fa,1,94,
2020/02/04 21:39:00,21:39:00,000620439,b8:27:eb:02:75:77,1,96,b8:27:eb:40:fe:13,2,96,b8:27:eb:60:f7:bf,2,96,b8:27:eb:86:45:d3,1,95,b8:27:eb:91:35:94,1,95,b8:27:eb:ed:65:fa,1,94,
2020/02/04 21:39:00,21:39:00,000620439,b8:27:eb:02:75:77,1,96,b8:27:eb:40:fe:13,2,96,b8:27:eb:60:f7:bf,2,96,b8:27:eb:86:45:d3,1,95,b8:27:eb:91:35:94,1,95,b8:27:eb:ed:65:fa,1,96,
2020/02/04 21:39:04,21:39:04,000616177,b8:27:eb:02:75:77,1,96,b8:27:eb:40:fe:13,2,96,b8:27:eb:60:f7:bf,2,96,b8:27:eb:86:45:d3,1,95,b8:27:eb:91:35:94,1,96,b8:27:eb:ed:65:fa,1,96,
2020/02/04 21:39:11,21:39:11,000623573,b8:27:eb:02:75:77,1,96,b8:27:eb:40:fe:13,2,96,b8:27:eb:60:f7:bf,2,96,b8:27:eb:86:45:d3,1,96,b8:27:eb:91:35:94,1,96,b8:27:eb:ed:65:fa,1,96,
2020/02/04 21:39:31,21:39:31,000666069,b8:27:eb:02:75:77,1,96,b8:27:eb:40:fe:13,2,96,b8:27:eb:60:f7:bf,2,96,b8:27:eb:86:45:d3,1,96,b8:27:eb:91:35:94,1,96,b8:27:eb:ed:65:fa,1,97,
2020/02/04 21:39:31,21:39:31,000666069,b8:27:eb:02:75:77,1,97,b8:27:eb:40:fe:13,2,97,b8:27:eb:60:f7:bf,2,97,b8:27:eb:86:45:d3,1,96,b8:27:eb:91:35:94,1,96,b8:27:eb:ed:65:fa,1,97,
2020/02/04 21:39:35,21:39:35,000661761,b8:27:eb:02:75:77,1,97,b8:27:eb:40:fe:13,2,97,b8:27:eb:60:f7:bf,2,97,b8:27:eb:86:45:d3,1,96,b8:27:eb:91:35:94,1,97,b8:27:eb:ed:65:fa,1,97,
2020/02/04 21:39:41,21:39:41,000667861,b8:27:eb:02:75:77,1,97,b8:27:eb:40:fe:13,2,97,b8:27:eb:60:f7:bf,2,97,b8:27:eb:86:45:d3,1,97,b8:27:eb:91:35:94,1,97,b8:27:eb:ed:65:fa,1,97,
2020/02/04 21:40:01,21:40:01,000622723,b8:27:eb:02:75:77,1,97,b8:27:eb:40:fe:13,2,97,b8:27:eb:60:f7:bf,2,97,b8:27:eb:86:45:d3,1,97,b8:27:eb:91:35:94,1,97,b8:27:eb:ed:65:fa,1,98,
2020/02/04 21:40:02,21:40:02,000622723,b8:27:eb:02:75:77,1,98,b8:27:eb:40:fe:13,2,98,b8:27:eb:60:f7:bf,2,98,b8:27:eb:86:45:d3,1,97,b8:27:eb:91:35:94,1,97,b8:27:eb:ed:65:fa,1,98,
2020/02/04 21:40:06,21:40:06,000667850,b8:27:eb:02:75:77,1,98,b8:27:eb:40:fe:13,2,98,b8:27:eb:60:f7:bf,2,98,b8:27:eb:86:45:d3,1,97,b8:27:eb:91:35:94,1,98,b8:27:eb:ed:65:fa,1,98,
2020/02/04 21:40:11,21:40:11,000622396,b8:27:eb:02:75:77,1,98,b8:27:eb:40:fe:13,2,98,b8:27:eb:60:f7:bf,2,98,b8:27:eb:86:45:d3,1,98,b8:27:eb:91:35:94,1,98,b8:27:eb:ed:65:fa,1,98,
2020/02/04 21:40:32,21:40:32,000603224,b8:27:eb:02:75:77,1,98,b8:27:eb:40:fe:13,2,98,b8:27:eb:60:f7:bf,2,98,b8:27:eb:86:45:d3,1,98,b8:27:eb:91:35:94,1,98,b8:27:eb:ed:65:fa,1,99,
2020/02/04 21:40:36,21:40:36,000612789,b8:27:eb:02:75:77,1,98,b8:27:eb:40:fe:13,2,98,b8:27:eb:60:f7:bf,2,98,b8:27:eb:86:45:d3,1,98,b8:27:eb:91:35:94,1,99,b8:27:eb:ed:65:fa,1,99,
2020/02/04 21:40:40,21:40:40,000599378,b8:27:eb:02:75:77,1,98,b8:27:eb:40:fe:13,2,98,b8:27:eb:60:f7:bf,2,98,b8:27:eb:86:45:d3,1,99,b8:27:eb:91:35:94,1,99,b8:27:eb:ed:65:fa,1,99,
2020/02/04 21:41:02,21:41:02,000600242,b8:27:eb:02:75:77,1,100,b8:27:eb:40:fe:13,2,100,b8:27:eb:60:f7:bf,2,100,b8:27:eb:86:45:d3,1,99,b8:27:eb:91:35:94,1,99,b8:27:eb:ed:65:fa,1,99,
2020/02/04 21:41:03,21:41:03,000649300,b8:27:eb:02:75:77,1,100,b8:27:eb:40:fe:13,2,100,b8:27:eb:60:f7:bf,2,100,b8:27:eb:86:45:d3,1,99,b8:27:eb:91:35:94,1,99,b8:27:eb:ed:65:fa,1,100,
2020/02/04 21:41:06,21:41:06,000649300,b8:27:eb:02:75:77,1,100,b8:27:eb:40:fe:13,2,100,b8:27:eb:60:f7:bf,2,100,b8:27:eb:86:45:d3,1,99,b8:27:eb:91:35:94,1,100,b8:27:eb:ed:65:fa,1,100,
2020/02/04 21:41:10,21:41:10,000602621,b8:27:eb:02:75:77,1,100,b8:27:eb:40:fe:13,2,100,b8:27:eb:60:f7:bf,2,100,b8:27:eb:86:45:d3,1,100,b8:27:eb:91:35:94,1,100,b8:27:eb:ed:65:fa,1,100,
2020/02/04 21:41:35,21:41:35,000599424,b8:27:eb:02:75:77,1,100,b8:27:eb:40:fe:13,2,100,b8:27:eb:60:f7:bf,2,100,b8:27:eb:86:45:d3,1,100,b8:27:eb:91:35:94,1,101,b8:27:eb:ed:65:fa,1,100,
2020/02/04 21:41:41,21:41:41,000629479,b8:27:eb:02:75:77,1,100,b8:27:eb:40:fe:13,2,100,b8:27:eb:60:f7:bf,2,100,b8:27:eb:86:45:d3,1,101,b8:27:eb:91:35:94,1,101,b8:27:eb:ed:65:fa,1,100,
2020/02/04 21:42:06,21:42:06,000699110,b8:27:eb:02:75:77,2,102,b8:27:eb:40:fe:13,3,102,b8:27:eb:60:f7:bf,4,102,b8:27:eb:86:45:d3,1,101,b8:27:eb:91:35:94,1,102,b8:27:eb:ed:65:fa,2,102,
