tx_time,time,nsec,lora_length,,type,srcAddress,destaddr,length,seq,tx_checksum,,srcHop,destHop
2020/02/05 02:01:07,02:01:07,000642047,200,,DATA,b8:27:eb:53:f8:14,b8:27:eb:60:f7:bf,200,1,12880,,0,2
2020/02/05 02:01:13,02:01:13,000566938,200,,DATA,b8:27:eb:53:f8:14,b8:27:eb:60:f7:bf,200,2,12879,,0,2
2020/02/05 02:01:19,02:01:19,000559156,200,,DATA,b8:27:eb:53:f8:14,b8:27:eb:60:f7:bf,200,3,12878,,0,2
2020/02/05 02:01:25,02:01:25,000556357,200,,DATA,b8:27:eb:53:f8:14,b8:27:eb:60:f7:bf,200,4,12877,,0,2
2020/02/05 02:01:31,02:01:31,000566092,200,,DATA,b8:27:eb:53:f8:14,b8:27:eb:60:f7:bf,200,5,12876,,0,2
2020/02/05 02:01:37,02:01:37,000592165,200,,DATA,b8:27:eb:53:f8:14,b8:27:eb:60:f7:bf,200,6,12875,,0,2
2020/02/05 02:01:43,02:01:43,000609732,200,,DATA,b8:27:eb:53:f8:14,b8:27:eb:60:f7:bf,200,7,12874,,0,2
2020/02/05 02:01:49,02:01:49,000667907,200,,DATA,b8:27:eb:53:f8:14,b8:27:eb:60:f7:bf,200,8,12873,,0,2
2020/02/05 02:01:55,02:01:55,000673411,200,,DATA,b8:27:eb:53:f8:14,b8:27:eb:60:f7:bf,200,9,12872,,0,2
2020/02/05 02:02:01,02:02:01,000603169,200,,DATA,b8:27:eb:53:f8:14,b8:27:eb:60:f7:bf,200,10,12871,,0,2
2020/02/05 02:02:07,02:02:07,000559213,200,,DATA,b8:27:eb:53:f8:14,b8:27:eb:60:f7:bf,200,11,12870,,0,2
2020/02/05 02:02:13,02:02:13,000552950,200,,DATA,b8:27:eb:53:f8:14,b8:27:eb:60:f7:bf,200,12,12869,,0,2
2020/02/05 02:02:19,02:02:19,000555682,200,,DATA,b8:27:eb:53:f8:14,b8:27:eb:60:f7:bf,200,13,12868,,0,2
2020/02/05 02:02:25,02:02:25,000553815,200,,DATA,b8:27:eb:53:f8:14,b8:27:eb:60:f7:bf,200,14,12867,,0,2
2020/02/05 02:02:31,02:02:31,000556621,200,,DATA,b8:27:eb:53:f8:14,b8:27:eb:60:f7:bf,200,15,12866,,0,2
2020/02/05 02:02:37,02:02:37,000558214,200,,DATA,b8:27:eb:53:f8:14,b8:27:eb:60:f7:bf,200,16,12865,,0,2
2020/02/05 02:02:43,02:02:43,000628334,200,,DATA,b8:27:eb:53:f8:14,b8:27:eb:60:f7:bf,200,17,12864,,0,2
2020/02/05 02:02:49,02:02:49,000643803,200,,DATA,b8:27:eb:53:f8:14,b8:27:eb:60:f7:bf,200,18,12863,,0,2
2020/02/05 02:02:55,02:02:55,000656134,200,,DATA,b8:27:eb:53:f8:14,b8:27:eb:60:f7:bf,200,19,12862,,0,2
2020/02/05 02:03:01,02:03:01,000621784,200,,DATA,b8:27:eb:53:f8:14,b8:27:eb:60:f7:bf,200,20,12861,,0,2
2020/02/05 02:03:07,02:03:07,000849346,200,,DATA,b8:27:eb:53:f8:14,b8:27:eb:60:f7:bf,200,21,12860,,0,2
2020/02/05 02:03:13,02:03:13,000623353,200,,DATA,b8:27:eb:53:f8:14,b8:27:eb:60:f7:bf,200,22,12859,,0,2
2020/02/05 02:03:19,02:03:19,000561774,200,,DATA,b8:27:eb:53:f8:14,b8:27:eb:60:f7:bf,200,23,12858,,0,2
2020/02/05 02:03:25,02:03:25,000566900,200,,DATA,b8:27:eb:53:f8:14,b8:27:eb:60:f7:bf,200,24,12857,,0,2
2020/02/05 02:03:31,02:03:31,000566283,200,,DATA,b8:27:eb:53:f8:14,b8:27:eb:60:f7:bf,200,25,12856,,0,2
2020/02/05 02:03:37,02:03:37,000571694,200,,DATA,b8:27:eb:53:f8:14,b8:27:eb:60:f7:bf,200,26,12855,,0,2
2020/02/05 02:03:43,02:03:43,000578447,200,,DATA,b8:27:eb:53:f8:14,b8:27:eb:60:f7:bf,200,27,12854,,0,2
2020/02/05 02:03:49,02:03:49,000607947,200,,DATA,b8:27:eb:53:f8:14,b8:27:eb:60:f7:bf,200,28,12853,,0,2
2020/02/05 02:03:55,02:03:55,000622434,200,,DATA,b8:27:eb:53:f8:14,b8:27:eb:60:f7:bf,200,29,12852,,0,2
2020/02/05 02:04:01,02:04:01,000607429,200,,DATA,b8:27:eb:53:f8:14,b8:27:eb:60:f7:bf,200,30,12851,,0,2
2020/02/05 02:04:07,02:04:07,000746839,200,,DATA,b8:27:eb:53:f8:14,b8:27:eb:60:f7:bf,200,31,12850,,0,2
2020/02/05 02:04:13,02:04:13,000625039,200,,DATA,b8:27:eb:53:f8:14,b8:27:eb:60:f7:bf,200,32,12849,,0,2
2020/02/05 02:04:19,02:04:19,000638122,200,,DATA,b8:27:eb:53:f8:14,b8:27:eb:60:f7:bf,200,33,12848,,0,2
2020/02/05 02:04:25,02:04:25,000610673,200,,DATA,b8:27:eb:53:f8:14,b8:27:eb:60:f7:bf,200,34,12847,,0,2
2020/02/05 02:04:31,02:04:31,000643159,200,,DATA,b8:27:eb:53:f8:14,b8:27:eb:60:f7:bf,200,35,12846,,0,2
2020/02/05 02:04:37,02:04:37,000570686,200,,DATA,b8:27:eb:53:f8:14,b8:27:eb:60:f7:bf,200,36,12845,,0,2
2020/02/05 02:04:43,02:04:43,000565076,200,,DATA,b8:27:eb:53:f8:14,b8:27:eb:60:f7:bf,200,37,12844,,0,2
2020/02/05 02:04:49,02:04:49,000603048,200,,DATA,b8:27:eb:53:f8:14,b8:27:eb:60:f7:bf,200,38,12843,,0,2
2020/02/05 02:04:55,02:04:55,000554395,200,,DATA,b8:27:eb:53:f8:14,b8:27:eb:60:f7:bf,200,39,12842,,0,2
2020/02/05 02:05:01,02:05:01,000555365,200,,DATA,b8:27:eb:53:f8:14,b8:27:eb:60:f7:bf,200,40,12841,,0,2
2020/02/05 02:05:07,02:05:07,000685856,200,,DATA,b8:27:eb:53:f8:14,b8:27:eb:60:f7:bf,200,41,12840,,0,2
2020/02/05 02:05:13,02:05:13,000707377,200,,DATA,b8:27:eb:53:f8:14,b8:27:eb:60:f7:bf,200,42,12839,,0,2
2020/02/05 02:05:19,02:05:19,000692273,200,,DATA,b8:27:eb:53:f8:14,b8:27:eb:60:f7:bf,200,43,12838,,0,2
2020/02/05 02:05:25,02:05:25,000556533,200,,DATA,b8:27:eb:53:f8:14,b8:27:eb:60:f7:bf,200,44,12837,,0,2
2020/02/05 02:05:31,02:05:31,000590939,200,,DATA,b8:27:eb:53:f8:14,b8:27:eb:60:f7:bf,200,45,12836,,0,2
2020/02/05 02:05:37,02:05:37,000558095,200,,DATA,b8:27:eb:53:f8:14,b8:27:eb:60:f7:bf,200,46,12835,,0,2
2020/02/05 02:05:43,02:05:43,000607480,200,,DATA,b8:27:eb:53:f8:14,b8:27:eb:60:f7:bf,200,47,12834,,0,2
2020/02/05 02:05:49,02:05:49,000612271,200,,DATA,b8:27:eb:53:f8:14,b8:27:eb:60:f7:bf,200,48,12833,,0,2
2020/02/05 02:05:55,02:05:55,000608771,200,,DATA,b8:27:eb:53:f8:14,b8:27:eb:60:f7:bf,200,49,12832,,0,2
2020/02/05 02:06:01,02:06:01,000645261,200,,DATA,b8:27:eb:53:f8:14,b8:27:eb:60:f7:bf,200,50,12831,,0,2
2020/02/05 02:06:07,02:06:07,000805022,200,,DATA,b8:27:eb:53:f8:14,b8:27:eb:60:f7:bf,200,51,12830,,0,2
2020/02/05 02:06:13,02:06:13,000555504,200,,DATA,b8:27:eb:53:f8:14,b8:27:eb:60:f7:bf,200,52,12829,,0,2
2020/02/05 02:06:19,02:06:19,000553996,200,,DATA,b8:27:eb:53:f8:14,b8:27:eb:60:f7:bf,200,53,12828,,0,2
2020/02/05 02:06:25,02:06:25,000554822,200,,DATA,b8:27:eb:53:f8:14,b8:27:eb:60:f7:bf,200,54,12827,,0,2
2020/02/05 02:06:31,02:06:31,000594284,200,,DATA,b8:27:eb:53:f8:14,b8:27:eb:60:f7:bf,200,55,12826,,0,2
2020/02/05 02:06:37,02:06:37,000557540,200,,DATA,b8:27:eb:53:f8:14,b8:27:eb:60:f7:bf,200,56,12825,,0,2
2020/02/05 02:06:43,02:06:43,000555838,200,,DATA,b8:27:eb:53:f8:14,b8:27:eb:60:f7:bf,200,57,12824,,0,2
2020/02/05 02:06:49,02:06:49,000550585,200,,DATA,b8:27:eb:53:f8:14,b8:27:eb:60:f7:bf,200,58,12823,,0,2
2020/02/05 02:06:55,02:06:55,000624646,200,,DATA,b8:27:eb:53:f8:14,b8:27:eb:60:f7:bf,200,59,12822,,0,2
2020/02/05 02:07:01,02:07:01,000600418,200,,DATA,b8:27:eb:53:f8:14,b8:27:eb:60:f7:bf,200,60,12821,,0,2
2020/02/05 02:07:07,02:07:07,000807950,200,,DATA,b8:27:eb:53:f8:14,b8:27:eb:60:f7:bf,200,61,12820,,0,2
2020/02/05 02:07:13,02:07:13,000643340,200,,DATA,b8:27:eb:53:f8:14,b8:27:eb:60:f7:bf,200,62,12819,,0,2
2020/02/05 02:07:19,02:07:19,000553304,200,,DATA,b8:27:eb:53:f8:14,b8:27:eb:60:f7:bf,200,63,12818,,0,2
2020/02/05 02:07:25,02:07:25,000560135,200,,DATA,b8:27:eb:53:f8:14,b8:27:eb:60:f7:bf,200,64,12817,,0,2
2020/02/05 02:07:31,02:07:31,000557530,200,,DATA,b8:27:eb:53:f8:14,b8:27:eb:60:f7:bf,200,65,12816,,0,2
2020/02/05 02:07:37,02:07:37,000615385,200,,DATA,b8:27:eb:53:f8:14,b8:27:eb:60:f7:bf,200,66,12815,,0,2
2020/02/05 02:07:43,02:07:43,000552034,200,,DATA,b8:27:eb:53:f8:14,b8:27:eb:60:f7:bf,200,67,12814,,0,2
2020/02/05 02:07:49,02:07:49,000891695,200,,DATA,b8:27:eb:53:f8:14,b8:27:eb:60:f7:bf,200,68,12813,,0,2
2020/02/05 02:07:55,02:07:55,000555725,200,,DATA,b8:27:eb:53:f8:14,b8:27:eb:60:f7:bf,200,69,12812,,0,2
2020/02/05 02:08:01,02:08:01,000550528,200,,DATA,b8:27:eb:53:f8:14,b8:27:eb:60:f7:bf,200,70,12811,,0,2
2020/02/05 02:08:07,02:08:07,000587666,200,,DATA,b8:27:eb:53:f8:14,b8:27:eb:60:f7:bf,200,71,12810,,0,2
2020/02/05 02:08:13,02:08:13,000590057,200,,DATA,b8:27:eb:53:f8:14,b8:27:eb:60:f7:bf,200,72,12809,,0,2
2020/02/05 02:08:19,02:08:19,000552649,200,,DATA,b8:27:eb:53:f8:14,b8:27:eb:60:f7:bf,200,73,12808,,0,2
2020/02/05 02:08:25,02:08:25,000550337,200,,DATA,b8:27:eb:53:f8:14,b8:27:eb:60:f7:bf,200,74,12807,,0,2
2020/02/05 02:08:31,02:08:31,000550778,200,,DATA,b8:27:eb:53:f8:14,b8:27:eb:60:f7:bf,200,75,12806,,0,2
2020/02/05 02:08:37,02:08:37,000777566,200,,DATA,b8:27:eb:53:f8:14,b8:27:eb:60:f7:bf,200,76,12805,,0,2
2020/02/05 02:08:43,02:08:43,000578670,200,,DATA,b8:27:eb:53:f8:14,b8:27:eb:60:f7:bf,200,77,12804,,0,2
2020/02/05 02:08:49,02:08:49,000787943,200,,DATA,b8:27:eb:53:f8:14,b8:27:eb:60:f7:bf,200,78,12803,,0,2
2020/02/05 02:08:55,02:08:55,000555127,200,,DATA,b8:27:eb:53:f8:14,b8:27:eb:60:f7:bf,200,79,12802,,0,2
2020/02/05 02:09:01,02:09:01,000563449,200,,DATA,b8:27:eb:53:f8:14,b8:27:eb:60:f7:bf,200,80,12801,,0,2
2020/02/05 02:09:07,02:09:07,000559107,200,,DATA,b8:27:eb:53:f8:14,b8:27:eb:60:f7:bf,200,81,12800,,0,2
2020/02/05 02:09:13,02:09:13,000550593,200,,DATA,b8:27:eb:53:f8:14,b8:27:eb:60:f7:bf,200,82,12799,,0,2
2020/02/05 02:09:19,02:09:19,000560508,200,,DATA,b8:27:eb:53:f8:14,b8:27:eb:60:f7:bf,200,83,12798,,0,2
2020/02/05 02:09:25,02:09:25,000550053,200,,DATA,b8:27:eb:53:f8:14,b8:27:eb:60:f7:bf,200,84,12797,,0,2
2020/02/05 02:09:31,02:09:31,000572195,200,,DATA,b8:27:eb:53:f8:14,b8:27:eb:60:f7:bf,200,85,12796,,0,2
2020/02/05 02:09:37,02:09:37,000552872,200,,DATA,b8:27:eb:53:f8:14,b8:27:eb:60:f7:bf,200,86,12795,,0,2
2020/02/05 02:09:43,02:09:43,000559845,200,,DATA,b8:27:eb:53:f8:14,b8:27:eb:60:f7:bf,200,87,12794,,0,2
2020/02/05 02:09:49,02:09:49,000613634,200,,DATA,b8:27:eb:53:f8:14,b8:27:eb:60:f7:bf,200,88,12793,,0,2
2020/02/05 02:09:55,02:09:55,000621115,200,,DATA,b8:27:eb:53:f8:14,b8:27:eb:60:f7:bf,200,89,12792,,0,2
2020/02/05 02:10:01,02:10:01,001005516,200,,DATA,b8:27:eb:53:f8:14,b8:27:eb:60:f7:bf,200,90,12791,,0,2
2020/02/05 02:10:07,02:10:07,001054911,200,,DATA,b8:27:eb:53:f8:14,b8:27:eb:60:f7:bf,200,91,12790,,0,2
2020/02/05 02:10:13,02:10:13,000553104,200,,DATA,b8:27:eb:53:f8:14,b8:27:eb:60:f7:bf,200,92,12789,,0,2
2020/02/05 02:10:19,02:10:19,000558425,200,,DATA,b8:27:eb:53:f8:14,b8:27:eb:60:f7:bf,200,93,12788,,0,2
2020/02/05 02:10:25,02:10:25,000552594,200,,DATA,b8:27:eb:53:f8:14,b8:27:eb:60:f7:bf,200,94,12787,,0,2
2020/02/05 02:10:31,02:10:31,000643789,200,,DATA,b8:27:eb:53:f8:14,b8:27:eb:60:f7:bf,200,95,12786,,0,2
2020/02/05 02:10:37,02:10:37,000636436,200,,DATA,b8:27:eb:53:f8:14,b8:27:eb:60:f7:bf,200,96,12785,,0,2
2020/02/05 02:10:43,02:10:43,000606889,200,,DATA,b8:27:eb:53:f8:14,b8:27:eb:60:f7:bf,200,97,12784,,0,2
2020/02/05 02:10:49,02:10:49,000561608,200,,DATA,b8:27:eb:53:f8:14,b8:27:eb:60:f7:bf,200,98,12783,,0,2
2020/02/05 02:10:55,02:10:55,000732207,200,,DATA,b8:27:eb:53:f8:14,b8:27:eb:60:f7:bf,200,99,12782,,0,2
2020/02/05 02:11:01,02:11:01,000561706,200,,DATA,b8:27:eb:53:f8:14,b8:27:eb:60:f7:bf,200,100,12781,,0,2
2020/02/05 02:11:07,02:11:07,000562034,200,,DATA,b8:27:eb:53:f8:14,b8:27:eb:60:f7:bf,200,101,12780,,0,2
2020/02/05 02:11:13,02:11:13,000550064,200,,DATA,b8:27:eb:53:f8:14,b8:27:eb:60:f7:bf,200,102,12779,,0,2
2020/02/05 02:11:19,02:11:19,000551422,200,,DATA,b8:27:eb:53:f8:14,b8:27:eb:60:f7:bf,200,103,12778,,0,2
2020/02/05 02:11:25,02:11:25,000555118,200,,DATA,b8:27:eb:53:f8:14,b8:27:eb:60:f7:bf,200,104,12777,,0,2
2020/02/05 02:11:31,02:11:31,000556674,200,,DATA,b8:27:eb:53:f8:14,b8:27:eb:60:f7:bf,200,105,12776,,0,2
2020/02/05 02:11:37,02:11:37,000552183,200,,DATA,b8:27:eb:53:f8:14,b8:27:eb:60:f7:bf,200,106,12775,,0,2
2020/02/05 02:11:43,02:11:43,000559614,200,,DATA,b8:27:eb:53:f8:14,b8:27:eb:60:f7:bf,200,107,12774,,0,2
2020/02/05 02:11:49,02:11:49,000609696,200,,DATA,b8:27:eb:53:f8:14,b8:27:eb:60:f7:bf,200,108,12773,,0,2
2020/02/05 02:11:55,02:11:55,000572846,200,,DATA,b8:27:eb:53:f8:14,b8:27:eb:60:f7:bf,200,109,12772,,0,2
2020/02/05 02:12:01,02:12:01,000560001,200,,DATA,b8:27:eb:53:f8:14,b8:27:eb:60:f7:bf,200,110,12771,,0,2
2020/02/05 02:12:07,02:12:07,000564027,200,,DATA,b8:27:eb:53:f8:14,b8:27:eb:60:f7:bf,200,111,12770,,0,2
2020/02/05 02:12:13,02:12:13,000718724,200,,DATA,b8:27:eb:53:f8:14,b8:27:eb:60:f7:bf,200,112,12769,,0,2
2020/02/05 02:12:19,02:12:19,000552324,200,,DATA,b8:27:eb:53:f8:14,b8:27:eb:60:f7:bf,200,113,12768,,0,2
2020/02/05 02:12:25,02:12:25,000557950,200,,DATA,b8:27:eb:53:f8:14,b8:27:eb:60:f7:bf,200,114,12767,,0,2
2020/02/05 02:12:31,02:12:31,000558155,200,,DATA,b8:27:eb:53:f8:14,b8:27:eb:60:f7:bf,200,115,12766,,0,2
2020/02/05 02:12:37,02:12:37,000563407,200,,DATA,b8:27:eb:53:f8:14,b8:27:eb:60:f7:bf,200,116,12765,,0,2
2020/02/05 02:12:43,02:12:43,000606362,200,,DATA,b8:27:eb:53:f8:14,b8:27:eb:60:f7:bf,200,117,12764,,0,2
2020/02/05 02:12:49,02:12:49,000631136,200,,DATA,b8:27:eb:53:f8:14,b8:27:eb:60:f7:bf,200,118,12763,,0,2
2020/02/05 02:12:55,02:12:55,000604760,200,,DATA,b8:27:eb:53:f8:14,b8:27:eb:60:f7:bf,200,119,12762,,0,2
2020/02/05 02:13:01,02:13:01,000660254,200,,DATA,b8:27:eb:53:f8:14,b8:27:eb:60:f7:bf,200,120,12761,,0,2
2020/02/05 02:13:07,02:13:07,000550380,200,,DATA,b8:27:eb:53:f8:14,b8:27:eb:60:f7:bf,200,121,12760,,0,2
2020/02/05 02:13:13,02:13:13,000561127,200,,DATA,b8:27:eb:53:f8:14,b8:27:eb:60:f7:bf,200,122,12759,,0,2
2020/02/05 02:13:19,02:13:19,000552129,200,,DATA,b8:27:eb:53:f8:14,b8:27:eb:60:f7:bf,200,123,12758,,0,2
2020/02/05 02:13:25,02:13:25,000551148,200,,DATA,b8:27:eb:53:f8:14,b8:27:eb:60:f7:bf,200,124,12757,,0,2
2020/02/05 02:13:31,02:13:31,000726829,200,,DATA,b8:27:eb:53:f8:14,b8:27:eb:60:f7:bf,200,125,12756,,0,2
2020/02/05 02:13:37,02:13:37,000640840,200,,DATA,b8:27:eb:53:f8:14,b8:27:eb:60:f7:bf,200,126,12755,,0,2
2020/02/05 02:13:43,02:13:43,000555576,200,,DATA,b8:27:eb:53:f8:14,b8:27:eb:60:f7:bf,200,127,12754,,0,2
2020/02/05 02:13:49,02:13:49,000651766,200,,DATA,b8:27:eb:53:f8:14,b8:27:eb:60:f7:bf,200,128,12753,,0,2
2020/02/05 02:13:55,02:13:55,000691286,200,,DATA,b8:27:eb:53:f8:14,b8:27:eb:60:f7:bf,200,129,12752,,0,2
2020/02/05 02:14:01,02:14:01,000576792,200,,DATA,b8:27:eb:53:f8:14,b8:27:eb:60:f7:bf,200,130,12751,,0,2
2020/02/05 02:14:07,02:14:07,000588803,200,,DATA,b8:27:eb:53:f8:14,b8:27:eb:60:f7:bf,200,131,12750,,0,2
2020/02/05 02:14:13,02:14:13,000632947,200,,DATA,b8:27:eb:53:f8:14,b8:27:eb:60:f7:bf,200,132,12749,,0,2
2020/02/05 02:14:19,02:14:19,000564691,200,,DATA,b8:27:eb:53:f8:14,b8:27:eb:60:f7:bf,200,133,12748,,0,2
2020/02/05 02:14:25,02:14:25,000564295,200,,DATA,b8:27:eb:53:f8:14,b8:27:eb:60:f7:bf,200,134,12747,,0,2
2020/02/05 02:14:31,02:14:31,000559626,200,,DATA,b8:27:eb:53:f8:14,b8:27:eb:60:f7:bf,200,135,12746,,0,2
2020/02/05 02:14:37,02:14:37,000547348,200,,DATA,b8:27:eb:53:f8:14,b8:27:eb:60:f7:bf,200,136,12745,,0,2
2020/02/05 02:14:43,02:14:43,000546473,200,,DATA,b8:27:eb:53:f8:14,b8:27:eb:60:f7:bf,200,137,12744,,0,2
2020/02/05 02:14:49,02:14:49,000776479,200,,DATA,b8:27:eb:53:f8:14,b8:27:eb:60:f7:bf,200,138,12743,,0,2
2020/02/05 02:14:55,02:14:55,000551535,200,,DATA,b8:27:eb:53:f8:14,b8:27:eb:60:f7:bf,200,139,12742,,0,2
2020/02/05 02:15:01,02:15:01,000620128,200,,DATA,b8:27:eb:53:f8:14,b8:27:eb:60:f7:bf,200,140,12741,,0,2
2020/02/05 02:15:07,02:15:07,000643614,200,,DATA,b8:27:eb:53:f8:14,b8:27:eb:60:f7:bf,200,141,12740,,0,2
2020/02/05 02:15:13,02:15:13,000554389,200,,DATA,b8:27:eb:53:f8:14,b8:27:eb:60:f7:bf,200,142,12739,,0,2
2020/02/05 02:15:19,02:15:19,000624587,200,,DATA,b8:27:eb:53:f8:14,b8:27:eb:60:f7:bf,200,143,12738,,0,2
2020/02/05 02:15:25,02:15:25,000654365,200,,DATA,b8:27:eb:53:f8:14,b8:27:eb:60:f7:bf,200,144,12737,,0,2
2020/02/05 02:15:31,02:15:31,000564244,200,,DATA,b8:27:eb:53:f8:14,b8:27:eb:60:f7:bf,200,145,12736,,0,2
2020/02/05 02:15:37,02:15:37,000550786,200,,DATA,b8:27:eb:53:f8:14,b8:27:eb:60:f7:bf,200,146,12735,,0,2
2020/02/05 02:15:43,02:15:43,000551075,200,,DATA,b8:27:eb:53:f8:14,b8:27:eb:60:f7:bf,200,147,12734,,0,2
2020/02/05 02:15:49,02:15:49,000601309,200,,DATA,b8:27:eb:53:f8:14,b8:27:eb:60:f7:bf,200,148,12733,,0,2
2020/02/05 02:15:55,02:15:55,000616071,200,,DATA,b8:27:eb:53:f8:14,b8:27:eb:60:f7:bf,200,149,12732,,0,2
2020/02/05 02:16:01,02:16:01,000649163,200,,DATA,b8:27:eb:53:f8:14,b8:27:eb:60:f7:bf,200,150,12731,,0,2
2020/02/05 02:16:07,02:16:07,000553763,200,,DATA,b8:27:eb:53:f8:14,b8:27:eb:60:f7:bf,200,151,12730,,0,2
2020/02/05 02:16:13,02:16:13,000565234,200,,DATA,b8:27:eb:53:f8:14,b8:27:eb:60:f7:bf,200,152,12729,,0,2
2020/02/05 02:16:19,02:16:19,000554307,200,,DATA,b8:27:eb:53:f8:14,b8:27:eb:60:f7:bf,200,153,12728,,0,2
2020/02/05 02:16:25,02:16:25,000554939,200,,DATA,b8:27:eb:53:f8:14,b8:27:eb:60:f7:bf,200,154,12727,,0,2
2020/02/05 02:16:31,02:16:31,000555777,200,,DATA,b8:27:eb:53:f8:14,b8:27:eb:60:f7:bf,200,155,12726,,0,2
2020/02/05 02:16:37,02:16:37,000555778,200,,DATA,b8:27:eb:53:f8:14,b8:27:eb:60:f7:bf,200,156,12725,,0,2
2020/02/05 02:16:43,02:16:43,000608693,200,,DATA,b8:27:eb:53:f8:14,b8:27:eb:60:f7:bf,200,157,12724,,0,2
2020/02/05 02:16:49,02:16:49,000798532,200,,DATA,b8:27:eb:53:f8:14,b8:27:eb:60:f7:bf,200,158,12723,,0,2
2020/02/05 02:16:55,02:16:55,000608526,200,,DATA,b8:27:eb:53:f8:14,b8:27:eb:60:f7:bf,200,159,12722,,0,2
2020/02/05 02:17:01,02:17:01,000690235,200,,DATA,b8:27:eb:53:f8:14,b8:27:eb:60:f7:bf,200,160,12721,,0,2
2020/02/05 02:17:07,02:17:07,000546837,200,,DATA,b8:27:eb:53:f8:14,b8:27:eb:60:f7:bf,200,161,12720,,0,2
2020/02/05 02:17:13,02:17:13,000680155,200,,DATA,b8:27:eb:53:f8:14,b8:27:eb:60:f7:bf,200,162,12719,,0,2
2020/02/05 02:17:19,02:17:19,000649460,200,,DATA,b8:27:eb:53:f8:14,b8:27:eb:60:f7:bf,200,163,12718,,0,2
2020/02/05 02:17:25,02:17:25,000714804,200,,DATA,b8:27:eb:53:f8:14,b8:27:eb:60:f7:bf,200,164,12717,,0,2
2020/02/05 02:17:31,02:17:31,000596292,200,,DATA,b8:27:eb:53:f8:14,b8:27:eb:60:f7:bf,200,165,12716,,0,2
2020/02/05 02:17:37,02:17:37,000562777,200,,DATA,b8:27:eb:53:f8:14,b8:27:eb:60:f7:bf,200,166,12715,,0,2
2020/02/05 02:17:43,02:17:43,000549780,200,,DATA,b8:27:eb:53:f8:14,b8:27:eb:60:f7:bf,200,167,12714,,0,2
2020/02/05 02:17:49,02:17:49,000551833,200,,DATA,b8:27:eb:53:f8:14,b8:27:eb:60:f7:bf,200,168,12713,,0,2
2020/02/05 02:17:55,02:17:55,000557372,200,,DATA,b8:27:eb:53:f8:14,b8:27:eb:60:f7:bf,200,169,12712,,0,2
2020/02/05 02:18:01,02:18:01,000600983,200,,DATA,b8:27:eb:53:f8:14,b8:27:eb:60:f7:bf,200,170,12711,,0,2
2020/02/05 02:18:07,02:18:07,000555320,200,,DATA,b8:27:eb:53:f8:14,b8:27:eb:60:f7:bf,200,171,12710,,0,2
2020/02/05 02:18:13,02:18:13,000559446,200,,DATA,b8:27:eb:53:f8:14,b8:27:eb:60:f7:bf,200,172,12709,,0,2
2020/02/05 02:18:19,02:18:19,000569143,200,,DATA,b8:27:eb:53:f8:14,b8:27:eb:60:f7:bf,200,173,12708,,0,2
2020/02/05 02:18:25,02:18:25,000555921,200,,DATA,b8:27:eb:53:f8:14,b8:27:eb:60:f7:bf,200,174,12707,,0,2
2020/02/05 02:18:31,02:18:31,000560248,200,,DATA,b8:27:eb:53:f8:14,b8:27:eb:60:f7:bf,200,175,12706,,0,2
2020/02/05 02:18:37,02:18:37,000557230,200,,DATA,b8:27:eb:53:f8:14,b8:27:eb:60:f7:bf,200,176,12705,,0,2
2020/02/05 02:18:43,02:18:43,000559366,200,,DATA,b8:27:eb:53:f8:14,b8:27:eb:60:f7:bf,200,177,12704,,0,2
2020/02/05 02:18:49,02:18:49,000550405,200,,DATA,b8:27:eb:53:f8:14,b8:27:eb:60:f7:bf,200,178,12703,,0,2
2020/02/05 02:18:55,02:18:55,000554151,200,,DATA,b8:27:eb:53:f8:14,b8:27:eb:60:f7:bf,200,179,12702,,0,2
2020/02/05 02:19:01,02:19:01,000554353,200,,DATA,b8:27:eb:53:f8:14,b8:27:eb:60:f7:bf,200,180,12701,,0,2
2020/02/05 02:19:07,02:19:07,000656948,200,,DATA,b8:27:eb:53:f8:14,b8:27:eb:60:f7:bf,200,181,12700,,0,2
2020/02/05 02:19:13,02:19:13,000680427,200,,DATA,b8:27:eb:53:f8:14,b8:27:eb:60:f7:bf,200,182,12699,,0,2
2020/02/05 02:19:19,02:19:19,000551664,200,,DATA,b8:27:eb:53:f8:14,b8:27:eb:60:f7:bf,200,183,12698,,0,2
2020/02/05 02:19:25,02:19:25,000614983,200,,DATA,b8:27:eb:53:f8:14,b8:27:eb:60:f7:bf,200,184,12697,,0,2
2020/02/05 02:19:31,02:19:31,000608039,200,,DATA,b8:27:eb:53:f8:14,b8:27:eb:60:f7:bf,200,185,12696,,0,2
2020/02/05 02:19:37,02:19:37,000552134,200,,DATA,b8:27:eb:53:f8:14,b8:27:eb:60:f7:bf,200,186,12695,,0,2
2020/02/05 02:19:43,02:19:43,000541332,200,,DATA,b8:27:eb:53:f8:14,b8:27:eb:60:f7:bf,200,187,12694,,0,2
2020/02/05 02:19:49,02:19:49,000556205,200,,DATA,b8:27:eb:53:f8:14,b8:27:eb:60:f7:bf,200,188,12693,,0,2
2020/02/05 02:19:55,02:19:55,000680503,200,,DATA,b8:27:eb:53:f8:14,b8:27:eb:60:f7:bf,200,189,12692,,0,2
2020/02/05 02:20:01,02:20:01,000543810,200,,DATA,b8:27:eb:53:f8:14,b8:27:eb:60:f7:bf,200,190,12691,,0,2
2020/02/05 02:20:07,02:20:07,001052633,200,,DATA,b8:27:eb:53:f8:14,b8:27:eb:60:f7:bf,200,191,12690,,0,2
2020/02/05 02:20:13,02:20:13,000580833,200,,DATA,b8:27:eb:53:f8:14,b8:27:eb:60:f7:bf,200,192,12689,,0,2
2020/02/05 02:20:19,02:20:19,000679707,200,,DATA,b8:27:eb:53:f8:14,b8:27:eb:60:f7:bf,200,193,12688,,0,2
2020/02/05 02:20:25,02:20:25,000679933,200,,DATA,b8:27:eb:53:f8:14,b8:27:eb:60:f7:bf,200,194,12687,,0,2
2020/02/05 02:20:31,02:20:31,000645990,200,,DATA,b8:27:eb:53:f8:14,b8:27:eb:60:f7:bf,200,195,12686,,0,2
2020/02/05 02:20:37,02:20:37,000587717,200,,DATA,b8:27:eb:53:f8:14,b8:27:eb:60:f7:bf,200,196,12685,,0,2
2020/02/05 02:20:43,02:20:43,000559383,200,,DATA,b8:27:eb:53:f8:14,b8:27:eb:60:f7:bf,200,197,12684,,0,2
2020/02/05 02:20:49,02:20:49,000559118,200,,DATA,b8:27:eb:53:f8:14,b8:27:eb:60:f7:bf,200,198,12683,,0,2
2020/02/05 02:20:55,02:20:55,000568170,200,,DATA,b8:27:eb:53:f8:14,b8:27:eb:60:f7:bf,200,199,12682,,0,2
2020/02/05 02:21:01,02:21:01,000620444,200,,DATA,b8:27:eb:53:f8:14,b8:27:eb:60:f7:bf,200,200,12681,,0,2
2020/02/05 02:21:07,02:21:07,000560369,200,,DATA,b8:27:eb:53:f8:14,b8:27:eb:60:f7:bf,200,201,12680,,0,2
2020/02/05 02:21:13,02:21:13,000549870,200,,DATA,b8:27:eb:53:f8:14,b8:27:eb:60:f7:bf,200,202,12679,,0,2
2020/02/05 02:21:19,02:21:19,000556603,200,,DATA,b8:27:eb:53:f8:14,b8:27:eb:60:f7:bf,200,203,12678,,0,2
2020/02/05 02:21:25,02:21:25,000601087,200,,DATA,b8:27:eb:53:f8:14,b8:27:eb:60:f7:bf,200,204,12677,,0,2
2020/02/05 02:21:31,02:21:31,000870927,200,,DATA,b8:27:eb:53:f8:14,b8:27:eb:60:f7:bf,200,205,12676,,0,2
2020/02/05 02:21:37,02:21:37,000562687,200,,DATA,b8:27:eb:53:f8:14,b8:27:eb:60:f7:bf,200,206,12675,,0,2
2020/02/05 02:21:43,02:21:43,000552822,200,,DATA,b8:27:eb:53:f8:14,b8:27:eb:60:f7:bf,200,207,12674,,0,2
2020/02/05 02:21:49,02:21:49,000615498,200,,DATA,b8:27:eb:53:f8:14,b8:27:eb:60:f7:bf,200,208,12673,,0,2
2020/02/05 02:21:55,02:21:55,000744986,200,,DATA,b8:27:eb:53:f8:14,b8:27:eb:60:f7:bf,200,209,12672,,0,2
2020/02/05 02:22:01,02:22:01,000558527,200,,DATA,b8:27:eb:53:f8:14,b8:27:eb:60:f7:bf,200,210,12671,,0,2
2020/02/05 02:22:07,02:22:07,000560389,200,,DATA,b8:27:eb:53:f8:14,b8:27:eb:60:f7:bf,200,211,12670,,0,2
2020/02/05 02:22:13,02:22:13,000552499,200,,DATA,b8:27:eb:53:f8:14,b8:27:eb:60:f7:bf,200,212,12669,,0,2
2020/02/05 02:22:19,02:22:19,000560273,200,,DATA,b8:27:eb:53:f8:14,b8:27:eb:60:f7:bf,200,213,12668,,0,2
2020/02/05 02:22:25,02:22:25,000602774,200,,DATA,b8:27:eb:53:f8:14,b8:27:eb:60:f7:bf,200,214,12667,,0,2
2020/02/05 02:22:31,02:22:31,000606928,200,,DATA,b8:27:eb:53:f8:14,b8:27:eb:60:f7:bf,200,215,12666,,0,2
2020/02/05 02:22:37,02:22:37,000631277,200,,DATA,b8:27:eb:53:f8:14,b8:27:eb:60:f7:bf,200,216,12665,,0,2
2020/02/05 02:22:43,02:22:43,000617747,200,,DATA,b8:27:eb:53:f8:14,b8:27:eb:60:f7:bf,200,217,12664,,0,2
2020/02/05 02:22:49,02:22:49,000833003,200,,DATA,b8:27:eb:53:f8:14,b8:27:eb:60:f7:bf,200,218,12663,,0,2
2020/02/05 02:22:55,02:22:55,000661578,200,,DATA,b8:27:eb:53:f8:14,b8:27:eb:60:f7:bf,200,219,12662,,0,2
2020/02/05 02:23:01,02:23:01,000653575,200,,DATA,b8:27:eb:53:f8:14,b8:27:eb:60:f7:bf,200,220,12661,,0,2
2020/02/05 02:23:07,02:23:07,000553786,200,,DATA,b8:27:eb:53:f8:14,b8:27:eb:60:f7:bf,200,221,12660,,0,2
2020/02/05 02:23:13,02:23:13,000604135,200,,DATA,b8:27:eb:53:f8:14,b8:27:eb:60:f7:bf,200,222,12659,,0,2
2020/02/05 02:23:19,02:23:19,000602332,200,,DATA,b8:27:eb:53:f8:14,b8:27:eb:60:f7:bf,200,223,12658,,0,2
2020/02/05 02:23:25,02:23:25,000603741,200,,DATA,b8:27:eb:53:f8:14,b8:27:eb:60:f7:bf,200,224,12657,,0,2
2020/02/05 02:23:31,02:23:31,000602424,200,,DATA,b8:27:eb:53:f8:14,b8:27:eb:60:f7:bf,200,225,12656,,0,2
2020/02/05 02:23:37,02:23:37,000554214,200,,DATA,b8:27:eb:53:f8:14,b8:27:eb:60:f7:bf,200,226,12655,,0,2
2020/02/05 02:23:43,02:23:43,000552600,200,,DATA,b8:27:eb:53:f8:14,b8:27:eb:60:f7:bf,200,227,12654,,0,2
2020/02/05 02:23:49,02:23:49,000551696,200,,DATA,b8:27:eb:53:f8:14,b8:27:eb:60:f7:bf,200,228,12653,,0,2
2020/02/05 02:23:55,02:23:55,000560929,200,,DATA,b8:27:eb:53:f8:14,b8:27:eb:60:f7:bf,200,229,12652,,0,2
2020/02/05 02:24:01,02:24:01,000568112,200,,DATA,b8:27:eb:53:f8:14,b8:27:eb:60:f7:bf,200,230,12651,,0,2
2020/02/05 02:24:07,02:24:07,000651731,200,,DATA,b8:27:eb:53:f8:14,b8:27:eb:60:f7:bf,200,231,12650,,0,2
2020/02/05 02:24:13,02:24:13,000553353,200,,DATA,b8:27:eb:53:f8:14,b8:27:eb:60:f7:bf,200,232,12649,,0,2
2020/02/05 02:24:19,02:24:19,000557348,200,,DATA,b8:27:eb:53:f8:14,b8:27:eb:60:f7:bf,200,233,12648,,0,2
2020/02/05 02:24:25,02:24:25,000550333,200,,DATA,b8:27:eb:53:f8:14,b8:27:eb:60:f7:bf,200,234,12647,,0,2
2020/02/05 02:24:31,02:24:31,000603088,200,,DATA,b8:27:eb:53:f8:14,b8:27:eb:60:f7:bf,200,235,12646,,0,2
2020/02/05 02:24:37,02:24:37,000608634,200,,DATA,b8:27:eb:53:f8:14,b8:27:eb:60:f7:bf,200,236,12645,,0,2
2020/02/05 02:24:43,02:24:43,000606969,200,,DATA,b8:27:eb:53:f8:14,b8:27:eb:60:f7:bf,200,237,12644,,0,2
2020/02/05 02:24:49,02:24:49,000639189,200,,DATA,b8:27:eb:53:f8:14,b8:27:eb:60:f7:bf,200,238,12643,,0,2
2020/02/05 02:24:55,02:24:55,000598990,200,,DATA,b8:27:eb:53:f8:14,b8:27:eb:60:f7:bf,200,239,12642,,0,2
2020/02/05 02:25:01,02:25:01,000618454,200,,DATA,b8:27:eb:53:f8:14,b8:27:eb:60:f7:bf,200,240,12641,,0,2
2020/02/05 02:25:07,02:25:07,000553886,200,,DATA,b8:27:eb:53:f8:14,b8:27:eb:60:f7:bf,200,241,12640,,0,2
2020/02/05 02:25:13,02:25:13,000593303,200,,DATA,b8:27:eb:53:f8:14,b8:27:eb:60:f7:bf,200,242,12639,,0,2
2020/02/05 02:25:19,02:25:19,000550821,200,,DATA,b8:27:eb:53:f8:14,b8:27:eb:60:f7:bf,200,243,12638,,0,2
2020/02/05 02:25:25,02:25:25,000551856,200,,DATA,b8:27:eb:53:f8:14,b8:27:eb:60:f7:bf,200,244,12637,,0,2
2020/02/05 02:25:31,02:25:31,000556876,200,,DATA,b8:27:eb:53:f8:14,b8:27:eb:60:f7:bf,200,245,12636,,0,2
2020/02/05 02:25:37,02:25:37,000741298,200,,DATA,b8:27:eb:53:f8:14,b8:27:eb:60:f7:bf,200,246,12635,,0,2
2020/02/05 02:25:43,02:25:43,000555071,200,,DATA,b8:27:eb:53:f8:14,b8:27:eb:60:f7:bf,200,247,12634,,0,2
2020/02/05 02:25:49,02:25:49,000557254,200,,DATA,b8:27:eb:53:f8:14,b8:27:eb:60:f7:bf,200,248,12633,,0,2
2020/02/05 02:25:55,02:25:55,000555401,200,,DATA,b8:27:eb:53:f8:14,b8:27:eb:60:f7:bf,200,249,12632,,0,2
2020/02/05 02:26:01,02:26:01,000553053,200,,DATA,b8:27:eb:53:f8:14,b8:27:eb:60:f7:bf,200,250,12631,,0,2
2020/02/05 02:26:07,02:26:07,000615938,200,,DATA,b8:27:eb:53:f8:14,b8:27:eb:60:f7:bf,200,251,12630,,0,2
2020/02/05 02:26:13,02:26:13,000605202,200,,DATA,b8:27:eb:53:f8:14,b8:27:eb:60:f7:bf,200,252,12629,,0,2
2020/02/05 02:26:19,02:26:19,000568241,200,,DATA,b8:27:eb:53:f8:14,b8:27:eb:60:f7:bf,200,253,12628,,0,2
2020/02/05 02:26:25,02:26:25,000550940,200,,DATA,b8:27:eb:53:f8:14,b8:27:eb:60:f7:bf,200,254,12627,,0,2
2020/02/05 02:26:31,02:26:31,000552049,200,,DATA,b8:27:eb:53:f8:14,b8:27:eb:60:f7:bf,200,255,12626,,0,2
2020/02/05 02:26:37,02:26:37,000569119,200,,DATA,b8:27:eb:53:f8:14,b8:27:eb:60:f7:bf,200,256,12625,,0,2
2020/02/05 02:26:43,02:26:43,000557671,200,,DATA,b8:27:eb:53:f8:14,b8:27:eb:60:f7:bf,200,257,12624,,0,2
2020/02/05 02:26:49,02:26:49,000553954,200,,DATA,b8:27:eb:53:f8:14,b8:27:eb:60:f7:bf,200,258,12623,,0,2
2020/02/05 02:26:55,02:26:55,000575886,200,,DATA,b8:27:eb:53:f8:14,b8:27:eb:60:f7:bf,200,259,12622,,0,2
2020/02/05 02:27:01,02:27:01,000554038,200,,DATA,b8:27:eb:53:f8:14,b8:27:eb:60:f7:bf,200,260,12621,,0,2
2020/02/05 02:27:07,02:27:07,000554608,200,,DATA,b8:27:eb:53:f8:14,b8:27:eb:60:f7:bf,200,261,12620,,0,2
2020/02/05 02:27:13,02:27:13,000555045,200,,DATA,b8:27:eb:53:f8:14,b8:27:eb:60:f7:bf,200,262,12619,,0,2
2020/02/05 02:27:19,02:27:19,000553889,200,,DATA,b8:27:eb:53:f8:14,b8:27:eb:60:f7:bf,200,263,12618,,0,2
2020/02/05 02:27:25,02:27:25,000558536,200,,DATA,b8:27:eb:53:f8:14,b8:27:eb:60:f7:bf,200,264,12617,,0,2
2020/02/05 02:27:31,02:27:31,000552735,200,,DATA,b8:27:eb:53:f8:14,b8:27:eb:60:f7:bf,200,265,12616,,0,2
2020/02/05 02:27:37,02:27:37,000554248,200,,DATA,b8:27:eb:53:f8:14,b8:27:eb:60:f7:bf,200,266,12615,,0,2
2020/02/05 02:27:43,02:27:43,000569219,200,,DATA,b8:27:eb:53:f8:14,b8:27:eb:60:f7:bf,200,267,12614,,0,2
2020/02/05 02:27:49,02:27:49,000562648,200,,DATA,b8:27:eb:53:f8:14,b8:27:eb:60:f7:bf,200,268,12613,,0,2
2020/02/05 02:27:55,02:27:55,000559379,200,,DATA,b8:27:eb:53:f8:14,b8:27:eb:60:f7:bf,200,269,12612,,0,2
2020/02/05 02:28:01,02:28:01,000556547,200,,DATA,b8:27:eb:53:f8:14,b8:27:eb:60:f7:bf,200,270,12611,,0,2
2020/02/05 02:28:07,02:28:07,000570974,200,,DATA,b8:27:eb:53:f8:14,b8:27:eb:60:f7:bf,200,271,12610,,0,2
2020/02/05 02:28:13,02:28:13,000558807,200,,DATA,b8:27:eb:53:f8:14,b8:27:eb:60:f7:bf,200,272,12609,,0,2
2020/02/05 02:28:19,02:28:19,000749992,200,,DATA,b8:27:eb:53:f8:14,b8:27:eb:60:f7:bf,200,273,12608,,0,2
2020/02/05 02:28:25,02:28:25,000553072,200,,DATA,b8:27:eb:53:f8:14,b8:27:eb:60:f7:bf,200,274,12607,,0,2
2020/02/05 02:28:31,02:28:31,000559192,200,,DATA,b8:27:eb:53:f8:14,b8:27:eb:60:f7:bf,200,275,12606,,0,2
2020/02/05 02:28:37,02:28:37,000572935,200,,DATA,b8:27:eb:53:f8:14,b8:27:eb:60:f7:bf,200,276,12605,,0,2
2020/02/05 02:28:43,02:28:43,000550707,200,,DATA,b8:27:eb:53:f8:14,b8:27:eb:60:f7:bf,200,277,12604,,0,2
2020/02/05 02:28:49,02:28:49,000550320,200,,DATA,b8:27:eb:53:f8:14,b8:27:eb:60:f7:bf,200,278,12603,,0,2
2020/02/05 02:28:55,02:28:55,000859898,200,,DATA,b8:27:eb:53:f8:14,b8:27:eb:60:f7:bf,200,279,12602,,0,2
2020/02/05 02:29:01,02:29:01,006414109,200,,DATA,b8:27:eb:53:f8:14,b8:27:eb:60:f7:bf,200,280,12601,,0,2
2020/02/05 02:29:07,02:29:07,000636768,200,,DATA,b8:27:eb:53:f8:14,b8:27:eb:60:f7:bf,200,281,12600,,0,2
2020/02/05 02:29:13,02:29:13,000564786,200,,DATA,b8:27:eb:53:f8:14,b8:27:eb:60:f7:bf,200,282,12599,,0,2
2020/02/05 02:29:19,02:29:19,000553707,200,,DATA,b8:27:eb:53:f8:14,b8:27:eb:60:f7:bf,200,283,12598,,0,2
2020/02/05 02:29:25,02:29:25,000561239,200,,DATA,b8:27:eb:53:f8:14,b8:27:eb:60:f7:bf,200,284,12597,,0,2
2020/02/05 02:29:31,02:29:31,000554829,200,,DATA,b8:27:eb:53:f8:14,b8:27:eb:60:f7:bf,200,285,12596,,0,2
2020/02/05 02:29:37,02:29:37,000567083,200,,DATA,b8:27:eb:53:f8:14,b8:27:eb:60:f7:bf,200,286,12595,,0,2
2020/02/05 02:29:43,02:29:43,000563311,200,,DATA,b8:27:eb:53:f8:14,b8:27:eb:60:f7:bf,200,287,12594,,0,2
2020/02/05 02:29:49,02:29:49,000559607,200,,DATA,b8:27:eb:53:f8:14,b8:27:eb:60:f7:bf,200,288,12593,,0,2
2020/02/05 02:29:55,02:29:55,000559514,200,,DATA,b8:27:eb:53:f8:14,b8:27:eb:60:f7:bf,200,289,12592,,0,2
2020/02/05 02:30:01,02:30:01,000617196,200,,DATA,b8:27:eb:53:f8:14,b8:27:eb:60:f7:bf,200,290,12591,,0,2
2020/02/05 02:30:07,02:30:07,000567083,200,,DATA,b8:27:eb:53:f8:14,b8:27:eb:60:f7:bf,200,291,12590,,0,2
2020/02/05 02:30:13,02:30:13,000566308,200,,DATA,b8:27:eb:53:f8:14,b8:27:eb:60:f7:bf,200,292,12589,,0,2
2020/02/05 02:30:19,02:30:19,000567267,200,,DATA,b8:27:eb:53:f8:14,b8:27:eb:60:f7:bf,200,293,12588,,0,2
2020/02/05 02:30:25,02:30:25,000574647,200,,DATA,b8:27:eb:53:f8:14,b8:27:eb:60:f7:bf,200,294,12587,,0,2
2020/02/05 02:30:31,02:30:31,000710115,200,,DATA,b8:27:eb:53:f8:14,b8:27:eb:60:f7:bf,200,295,12586,,0,2
2020/02/05 02:30:37,02:30:37,000583985,200,,DATA,b8:27:eb:53:f8:14,b8:27:eb:60:f7:bf,200,296,12585,,0,2
2020/02/05 02:30:43,02:30:43,000547452,200,,DATA,b8:27:eb:53:f8:14,b8:27:eb:60:f7:bf,200,297,12584,,0,2
2020/02/05 02:30:49,02:30:49,000565204,200,,DATA,b8:27:eb:53:f8:14,b8:27:eb:60:f7:bf,200,298,12583,,0,2
2020/02/05 02:30:55,02:30:55,000555054,200,,DATA,b8:27:eb:53:f8:14,b8:27:eb:60:f7:bf,200,299,12582,,0,2
2020/02/05 02:31:01,02:31:01,000628356,200,,DATA,b8:27:eb:53:f8:14,b8:27:eb:60:f7:bf,200,300,12581,,0,2
2020/02/05 02:31:07,02:31:07,000554433,200,,DATA,b8:27:eb:53:f8:14,b8:27:eb:60:f7:bf,200,301,12580,,0,2
2020/02/05 02:31:13,02:31:13,000552554,200,,DATA,b8:27:eb:53:f8:14,b8:27:eb:60:f7:bf,200,302,12579,,0,2
2020/02/05 02:31:19,02:31:19,000549335,200,,DATA,b8:27:eb:53:f8:14,b8:27:eb:60:f7:bf,200,303,12578,,0,2
2020/02/05 02:31:25,02:31:25,000559568,200,,DATA,b8:27:eb:53:f8:14,b8:27:eb:60:f7:bf,200,304,12577,,0,2
2020/02/05 02:31:31,02:31:31,000548303,200,,DATA,b8:27:eb:53:f8:14,b8:27:eb:60:f7:bf,200,305,12576,,0,2
2020/02/05 02:31:37,02:31:37,000565124,200,,DATA,b8:27:eb:53:f8:14,b8:27:eb:60:f7:bf,200,306,12575,,0,2
2020/02/05 02:31:43,02:31:43,000555605,200,,DATA,b8:27:eb:53:f8:14,b8:27:eb:60:f7:bf,200,307,12574,,0,2
2020/02/05 02:31:49,02:31:49,000619015,200,,DATA,b8:27:eb:53:f8:14,b8:27:eb:60:f7:bf,200,308,12573,,0,2
2020/02/05 02:31:55,02:31:55,000558271,200,,DATA,b8:27:eb:53:f8:14,b8:27:eb:60:f7:bf,200,309,12572,,0,2
2020/02/05 02:32:01,02:32:01,000554571,200,,DATA,b8:27:eb:53:f8:14,b8:27:eb:60:f7:bf,200,310,12571,,0,2
2020/02/05 02:32:07,02:32:07,000585311,200,,DATA,b8:27:eb:53:f8:14,b8:27:eb:60:f7:bf,200,311,12570,,0,2
2020/02/05 02:32:13,02:32:13,000562313,200,,DATA,b8:27:eb:53:f8:14,b8:27:eb:60:f7:bf,200,312,12569,,0,2
2020/02/05 02:32:19,02:32:19,000558754,200,,DATA,b8:27:eb:53:f8:14,b8:27:eb:60:f7:bf,200,313,12568,,0,2
2020/02/05 02:32:25,02:32:25,000550624,200,,DATA,b8:27:eb:53:f8:14,b8:27:eb:60:f7:bf,200,314,12567,,0,2
2020/02/05 02:32:31,02:32:31,000744276,200,,DATA,b8:27:eb:53:f8:14,b8:27:eb:60:f7:bf,200,315,12566,,0,2
2020/02/05 02:32:37,02:32:37,000556119,200,,DATA,b8:27:eb:53:f8:14,b8:27:eb:60:f7:bf,200,316,12565,,0,2
2020/02/05 02:32:43,02:32:43,000548441,200,,DATA,b8:27:eb:53:f8:14,b8:27:eb:60:f7:bf,200,317,12564,,0,2
2020/02/05 02:32:49,02:32:49,000611243,200,,DATA,b8:27:eb:53:f8:14,b8:27:eb:60:f7:bf,200,318,12563,,0,2
2020/02/05 02:32:55,02:32:55,000558276,200,,DATA,b8:27:eb:53:f8:14,b8:27:eb:60:f7:bf,200,319,12562,,0,2
2020/02/05 02:33:01,02:33:01,000557039,200,,DATA,b8:27:eb:53:f8:14,b8:27:eb:60:f7:bf,200,320,12561,,0,2
2020/02/05 02:33:07,02:33:07,000549354,200,,DATA,b8:27:eb:53:f8:14,b8:27:eb:60:f7:bf,200,321,12560,,0,2
2020/02/05 02:33:13,02:33:13,000666680,200,,DATA,b8:27:eb:53:f8:14,b8:27:eb:60:f7:bf,200,322,12559,,0,2
2020/02/05 02:33:19,02:33:19,000558393,200,,DATA,b8:27:eb:53:f8:14,b8:27:eb:60:f7:bf,200,323,12558,,0,2
2020/02/05 02:33:25,02:33:25,000554595,200,,DATA,b8:27:eb:53:f8:14,b8:27:eb:60:f7:bf,200,324,12557,,0,2
2020/02/05 02:33:31,02:33:31,000558412,200,,DATA,b8:27:eb:53:f8:14,b8:27:eb:60:f7:bf,200,325,12556,,0,2
2020/02/05 02:33:37,02:33:37,000551511,200,,DATA,b8:27:eb:53:f8:14,b8:27:eb:60:f7:bf,200,326,12555,,0,2
2020/02/05 02:33:43,02:33:43,000548942,200,,DATA,b8:27:eb:53:f8:14,b8:27:eb:60:f7:bf,200,327,12554,,0,2
2020/02/05 02:33:49,02:33:49,000558207,200,,DATA,b8:27:eb:53:f8:14,b8:27:eb:60:f7:bf,200,328,12553,,0,2
2020/02/05 02:33:55,02:33:55,000553576,200,,DATA,b8:27:eb:53:f8:14,b8:27:eb:60:f7:bf,200,329,12552,,0,2
2020/02/05 02:34:01,02:34:01,000554163,200,,DATA,b8:27:eb:53:f8:14,b8:27:eb:60:f7:bf,200,330,12551,,0,2
2020/02/05 02:34:07,02:34:07,000547833,200,,DATA,b8:27:eb:53:f8:14,b8:27:eb:60:f7:bf,200,331,12550,,0,2
2020/02/05 02:34:13,02:34:13,000681824,200,,DATA,b8:27:eb:53:f8:14,b8:27:eb:60:f7:bf,200,332,12549,,0,2
2020/02/05 02:34:19,02:34:19,000567493,200,,DATA,b8:27:eb:53:f8:14,b8:27:eb:60:f7:bf,200,333,12548,,0,2
2020/02/05 02:34:25,02:34:25,000556505,200,,DATA,b8:27:eb:53:f8:14,b8:27:eb:60:f7:bf,200,334,12547,,0,2
2020/02/05 02:34:31,02:34:31,000557297,200,,DATA,b8:27:eb:53:f8:14,b8:27:eb:60:f7:bf,200,335,12546,,0,2
2020/02/05 02:34:37,02:34:37,000553566,200,,DATA,b8:27:eb:53:f8:14,b8:27:eb:60:f7:bf,200,336,12545,,0,2
2020/02/05 02:34:43,02:34:43,000555366,200,,DATA,b8:27:eb:53:f8:14,b8:27:eb:60:f7:bf,200,337,12544,,0,2
2020/02/05 02:34:49,02:34:49,000620248,200,,DATA,b8:27:eb:53:f8:14,b8:27:eb:60:f7:bf,200,338,12543,,0,2
2020/02/05 02:34:55,02:34:55,000796075,200,,DATA,b8:27:eb:53:f8:14,b8:27:eb:60:f7:bf,200,339,12542,,0,2
2020/02/05 02:35:01,02:35:01,000559518,200,,DATA,b8:27:eb:53:f8:14,b8:27:eb:60:f7:bf,200,340,12541,,0,2
2020/02/05 02:35:07,02:35:07,000551718,200,,DATA,b8:27:eb:53:f8:14,b8:27:eb:60:f7:bf,200,341,12540,,0,2
2020/02/05 02:35:13,02:35:13,000555229,200,,DATA,b8:27:eb:53:f8:14,b8:27:eb:60:f7:bf,200,342,12539,,0,2
2020/02/05 02:35:19,02:35:19,000551613,200,,DATA,b8:27:eb:53:f8:14,b8:27:eb:60:f7:bf,200,343,12538,,0,2
2020/02/05 02:35:25,02:35:25,000561079,200,,DATA,b8:27:eb:53:f8:14,b8:27:eb:60:f7:bf,200,344,12537,,0,2
2020/02/05 02:35:31,02:35:31,000550605,200,,DATA,b8:27:eb:53:f8:14,b8:27:eb:60:f7:bf,200,345,12536,,0,2
2020/02/05 02:35:37,02:35:37,000767639,200,,DATA,b8:27:eb:53:f8:14,b8:27:eb:60:f7:bf,200,346,12535,,0,2
2020/02/05 02:35:43,02:35:43,000748015,200,,DATA,b8:27:eb:53:f8:14,b8:27:eb:60:f7:bf,200,347,12534,,0,2
2020/02/05 02:35:49,02:35:49,000737878,200,,DATA,b8:27:eb:53:f8:14,b8:27:eb:60:f7:bf,200,348,12533,,0,2
2020/02/05 02:35:55,02:35:55,000605927,200,,DATA,b8:27:eb:53:f8:14,b8:27:eb:60:f7:bf,200,349,12532,,0,2
2020/02/05 02:36:01,02:36:01,000703670,200,,DATA,b8:27:eb:53:f8:14,b8:27:eb:60:f7:bf,200,350,12531,,0,2
2020/02/05 02:36:07,02:36:07,000562724,200,,DATA,b8:27:eb:53:f8:14,b8:27:eb:60:f7:bf,200,351,12530,,0,2
2020/02/05 02:36:13,02:36:13,000559494,200,,DATA,b8:27:eb:53:f8:14,b8:27:eb:60:f7:bf,200,352,12529,,0,2
2020/02/05 02:36:19,02:36:19,000555125,200,,DATA,b8:27:eb:53:f8:14,b8:27:eb:60:f7:bf,200,353,12528,,0,2
2020/02/05 02:36:25,02:36:25,000552796,200,,DATA,b8:27:eb:53:f8:14,b8:27:eb:60:f7:bf,200,354,12527,,0,2
2020/02/05 02:36:31,02:36:31,000559328,200,,DATA,b8:27:eb:53:f8:14,b8:27:eb:60:f7:bf,200,355,12526,,0,2
2020/02/05 02:36:37,02:36:37,000661752,200,,DATA,b8:27:eb:53:f8:14,b8:27:eb:60:f7:bf,200,356,12525,,0,2
2020/02/05 02:36:43,02:36:43,000553820,200,,DATA,b8:27:eb:53:f8:14,b8:27:eb:60:f7:bf,200,357,12524,,0,2
2020/02/05 02:36:49,02:36:49,000564072,200,,DATA,b8:27:eb:53:f8:14,b8:27:eb:60:f7:bf,200,358,12523,,0,2
2020/02/05 02:36:55,02:36:55,000556883,200,,DATA,b8:27:eb:53:f8:14,b8:27:eb:60:f7:bf,200,359,12522,,0,2
2020/02/05 02:37:01,02:37:01,000563451,200,,DATA,b8:27:eb:53:f8:14,b8:27:eb:60:f7:bf,200,360,12521,,0,2
2020/02/05 02:37:07,02:37:07,000562161,200,,DATA,b8:27:eb:53:f8:14,b8:27:eb:60:f7:bf,200,361,12520,,0,2
2020/02/05 02:37:13,02:37:13,000558587,200,,DATA,b8:27:eb:53:f8:14,b8:27:eb:60:f7:bf,200,362,12519,,0,2
2020/02/05 02:37:19,02:37:19,000552051,200,,DATA,b8:27:eb:53:f8:14,b8:27:eb:60:f7:bf,200,363,12518,,0,2
2020/02/05 02:37:25,02:37:25,000791614,200,,DATA,b8:27:eb:53:f8:14,b8:27:eb:60:f7:bf,200,364,12517,,0,2
2020/02/05 02:37:31,02:37:31,000571394,200,,DATA,b8:27:eb:53:f8:14,b8:27:eb:60:f7:bf,200,365,12516,,0,2
2020/02/05 02:37:37,02:37:37,000683784,200,,DATA,b8:27:eb:53:f8:14,b8:27:eb:60:f7:bf,200,366,12515,,0,2
2020/02/05 02:37:43,02:37:43,000567430,200,,DATA,b8:27:eb:53:f8:14,b8:27:eb:60:f7:bf,200,367,12514,,0,2
2020/02/05 02:37:49,02:37:49,000655145,200,,DATA,b8:27:eb:53:f8:14,b8:27:eb:60:f7:bf,200,368,12513,,0,2
2020/02/05 02:37:55,02:37:55,000687606,200,,DATA,b8:27:eb:53:f8:14,b8:27:eb:60:f7:bf,200,369,12512,,0,2
2020/02/05 02:38:01,02:38:01,000546377,200,,DATA,b8:27:eb:53:f8:14,b8:27:eb:60:f7:bf,200,370,12511,,0,2
2020/02/05 02:38:07,02:38:07,000630308,200,,DATA,b8:27:eb:53:f8:14,b8:27:eb:60:f7:bf,200,371,12510,,0,2
2020/02/05 02:38:13,02:38:13,000622944,200,,DATA,b8:27:eb:53:f8:14,b8:27:eb:60:f7:bf,200,372,12509,,0,2
2020/02/05 02:38:19,02:38:19,000706576,200,,DATA,b8:27:eb:53:f8:14,b8:27:eb:60:f7:bf,200,373,12508,,0,2
2020/02/05 02:38:25,02:38:25,000698495,200,,DATA,b8:27:eb:53:f8:14,b8:27:eb:60:f7:bf,200,374,12507,,0,2
2020/02/05 02:38:31,02:38:31,000662920,200,,DATA,b8:27:eb:53:f8:14,b8:27:eb:60:f7:bf,200,375,12506,,0,2
2020/02/05 02:38:37,02:38:37,000680684,200,,DATA,b8:27:eb:53:f8:14,b8:27:eb:60:f7:bf,200,376,12505,,0,2
2020/02/05 02:38:43,02:38:43,000549860,200,,DATA,b8:27:eb:53:f8:14,b8:27:eb:60:f7:bf,200,377,12504,,0,2
2020/02/05 02:38:49,02:38:49,000620239,200,,DATA,b8:27:eb:53:f8:14,b8:27:eb:60:f7:bf,200,378,12503,,0,2
2020/02/05 02:38:55,02:38:55,000610260,200,,DATA,b8:27:eb:53:f8:14,b8:27:eb:60:f7:bf,200,379,12502,,0,2
2020/02/05 02:39:01,02:39:01,000602266,200,,DATA,b8:27:eb:53:f8:14,b8:27:eb:60:f7:bf,200,380,12501,,0,2
2020/02/05 02:39:07,02:39:07,000605995,200,,DATA,b8:27:eb:53:f8:14,b8:27:eb:60:f7:bf,200,381,12500,,0,2
2020/02/05 02:39:13,02:39:13,000605199,200,,DATA,b8:27:eb:53:f8:14,b8:27:eb:60:f7:bf,200,382,12499,,0,2
2020/02/05 02:39:19,02:39:19,000598783,200,,DATA,b8:27:eb:53:f8:14,b8:27:eb:60:f7:bf,200,383,12498,,0,2
2020/02/05 02:39:25,02:39:25,000551696,200,,DATA,b8:27:eb:53:f8:14,b8:27:eb:60:f7:bf,200,384,12497,,0,2
2020/02/05 02:39:31,02:39:31,000569978,200,,DATA,b8:27:eb:53:f8:14,b8:27:eb:60:f7:bf,200,385,12496,,0,2
2020/02/05 02:39:37,02:39:37,000559047,200,,DATA,b8:27:eb:53:f8:14,b8:27:eb:60:f7:bf,200,386,12495,,0,2
2020/02/05 02:39:43,02:39:43,000563173,200,,DATA,b8:27:eb:53:f8:14,b8:27:eb:60:f7:bf,200,387,12494,,0,2
2020/02/05 02:39:49,02:39:49,000594752,200,,DATA,b8:27:eb:53:f8:14,b8:27:eb:60:f7:bf,200,388,12493,,0,2
2020/02/05 02:39:55,02:39:55,000572586,200,,DATA,b8:27:eb:53:f8:14,b8:27:eb:60:f7:bf,200,389,12492,,0,2
2020/02/05 02:40:01,02:40:01,000563915,200,,DATA,b8:27:eb:53:f8:14,b8:27:eb:60:f7:bf,200,390,12491,,0,2
2020/02/05 02:40:07,02:40:07,000723320,200,,DATA,b8:27:eb:53:f8:14,b8:27:eb:60:f7:bf,200,391,12490,,0,2
2020/02/05 02:40:13,02:40:13,000620961,200,,DATA,b8:27:eb:53:f8:14,b8:27:eb:60:f7:bf,200,392,12489,,0,2
2020/02/05 02:40:19,02:40:19,000602460,200,,DATA,b8:27:eb:53:f8:14,b8:27:eb:60:f7:bf,200,393,12488,,0,2
2020/02/05 02:40:25,02:40:25,000600214,200,,DATA,b8:27:eb:53:f8:14,b8:27:eb:60:f7:bf,200,394,12487,,0,2
2020/02/05 02:40:31,02:40:31,000601931,200,,DATA,b8:27:eb:53:f8:14,b8:27:eb:60:f7:bf,200,395,12486,,0,2
2020/02/05 02:40:37,02:40:37,000614955,200,,DATA,b8:27:eb:53:f8:14,b8:27:eb:60:f7:bf,200,396,12485,,0,2
2020/02/05 02:40:43,02:40:43,000669285,200,,DATA,b8:27:eb:53:f8:14,b8:27:eb:60:f7:bf,200,397,12484,,0,2
2020/02/05 02:40:49,02:40:49,000648985,200,,DATA,b8:27:eb:53:f8:14,b8:27:eb:60:f7:bf,200,398,12483,,0,2
2020/02/05 02:40:55,02:40:55,000552387,200,,DATA,b8:27:eb:53:f8:14,b8:27:eb:60:f7:bf,200,399,12482,,0,2
2020/02/05 02:41:01,02:41:01,000550741,200,,DATA,b8:27:eb:53:f8:14,b8:27:eb:60:f7:bf,200,400,12481,,0,2
2020/02/05 02:41:07,02:41:07,000555819,200,,DATA,b8:27:eb:53:f8:14,b8:27:eb:60:f7:bf,200,401,12480,,0,2
2020/02/05 02:41:13,02:41:13,000550952,200,,DATA,b8:27:eb:53:f8:14,b8:27:eb:60:f7:bf,200,402,12479,,0,2
2020/02/05 02:41:19,02:41:19,000558851,200,,DATA,b8:27:eb:53:f8:14,b8:27:eb:60:f7:bf,200,403,12478,,0,2
2020/02/05 02:41:25,02:41:25,000790971,200,,DATA,b8:27:eb:53:f8:14,b8:27:eb:60:f7:bf,200,404,12477,,0,2
2020/02/05 02:41:31,02:41:31,000558826,200,,DATA,b8:27:eb:53:f8:14,b8:27:eb:60:f7:bf,200,405,12476,,0,2
2020/02/05 02:41:37,02:41:37,000557883,200,,DATA,b8:27:eb:53:f8:14,b8:27:eb:60:f7:bf,200,406,12475,,0,2
2020/02/05 02:41:43,02:41:43,000563923,200,,DATA,b8:27:eb:53:f8:14,b8:27:eb:60:f7:bf,200,407,12474,,0,2
2020/02/05 02:41:49,02:41:49,000554863,200,,DATA,b8:27:eb:53:f8:14,b8:27:eb:60:f7:bf,200,408,12473,,0,2
2020/02/05 02:41:55,02:41:55,000562733,200,,DATA,b8:27:eb:53:f8:14,b8:27:eb:60:f7:bf,200,409,12472,,0,2
2020/02/05 02:42:01,02:42:01,000608264,200,,DATA,b8:27:eb:53:f8:14,b8:27:eb:60:f7:bf,200,410,12471,,0,2
2020/02/05 02:42:07,02:42:07,000669268,200,,DATA,b8:27:eb:53:f8:14,b8:27:eb:60:f7:bf,200,411,12470,,0,2
2020/02/05 02:42:13,02:42:13,000580536,200,,DATA,b8:27:eb:53:f8:14,b8:27:eb:60:f7:bf,200,412,12469,,0,2
2020/02/05 02:42:19,02:42:19,000563787,200,,DATA,b8:27:eb:53:f8:14,b8:27:eb:60:f7:bf,200,413,12468,,0,2
2020/02/05 02:42:25,02:42:25,000561676,200,,DATA,b8:27:eb:53:f8:14,b8:27:eb:60:f7:bf,200,414,12467,,0,2
2020/02/05 02:42:31,02:42:31,000568060,200,,DATA,b8:27:eb:53:f8:14,b8:27:eb:60:f7:bf,200,415,12466,,0,2
2020/02/05 02:42:37,02:42:37,000574551,200,,DATA,b8:27:eb:53:f8:14,b8:27:eb:60:f7:bf,200,416,12465,,0,2
2020/02/05 02:42:43,02:42:43,000570472,200,,DATA,b8:27:eb:53:f8:14,b8:27:eb:60:f7:bf,200,417,12464,,0,2
2020/02/05 02:42:49,02:42:49,000682543,200,,DATA,b8:27:eb:53:f8:14,b8:27:eb:60:f7:bf,200,418,12463,,0,2
2020/02/05 02:42:55,02:42:55,001066543,200,,DATA,b8:27:eb:53:f8:14,b8:27:eb:60:f7:bf,200,419,12462,,0,2
2020/02/05 02:43:01,02:43:01,000605238,200,,DATA,b8:27:eb:53:f8:14,b8:27:eb:60:f7:bf,200,420,12461,,0,2
2020/02/05 02:43:07,02:43:07,000831902,200,,DATA,b8:27:eb:53:f8:14,b8:27:eb:60:f7:bf,200,421,12460,,0,2
2020/02/05 02:43:13,02:43:13,000607529,200,,DATA,b8:27:eb:53:f8:14,b8:27:eb:60:f7:bf,200,422,12459,,0,2
2020/02/05 02:43:19,02:43:19,000587274,200,,DATA,b8:27:eb:53:f8:14,b8:27:eb:60:f7:bf,200,423,12458,,0,2
2020/02/05 02:43:25,02:43:25,000909104,200,,DATA,b8:27:eb:53:f8:14,b8:27:eb:60:f7:bf,200,424,12457,,0,2
2020/02/05 02:43:31,02:43:31,000685418,200,,DATA,b8:27:eb:53:f8:14,b8:27:eb:60:f7:bf,200,425,12456,,0,2
2020/02/05 02:43:37,02:43:37,000611944,200,,DATA,b8:27:eb:53:f8:14,b8:27:eb:60:f7:bf,200,426,12455,,0,2
2020/02/05 02:43:43,02:43:43,000556285,200,,DATA,b8:27:eb:53:f8:14,b8:27:eb:60:f7:bf,200,427,12454,,0,2
2020/02/05 02:43:49,02:43:49,000551254,200,,DATA,b8:27:eb:53:f8:14,b8:27:eb:60:f7:bf,200,428,12453,,0,2
2020/02/05 02:43:55,02:43:55,000551539,200,,DATA,b8:27:eb:53:f8:14,b8:27:eb:60:f7:bf,200,429,12452,,0,2
2020/02/05 02:44:01,02:44:01,000557348,200,,DATA,b8:27:eb:53:f8:14,b8:27:eb:60:f7:bf,200,430,12451,,0,2
2020/02/05 02:44:07,02:44:07,000556076,200,,DATA,b8:27:eb:53:f8:14,b8:27:eb:60:f7:bf,200,431,12450,,0,2
2020/02/05 02:44:13,02:44:13,000649339,200,,DATA,b8:27:eb:53:f8:14,b8:27:eb:60:f7:bf,200,432,12449,,0,2
2020/02/05 02:44:19,02:44:19,000610157,200,,DATA,b8:27:eb:53:f8:14,b8:27:eb:60:f7:bf,200,433,12448,,0,2
2020/02/05 02:44:25,02:44:25,000556655,200,,DATA,b8:27:eb:53:f8:14,b8:27:eb:60:f7:bf,200,434,12447,,0,2
2020/02/05 02:44:31,02:44:31,000599405,200,,DATA,b8:27:eb:53:f8:14,b8:27:eb:60:f7:bf,200,435,12446,,0,2
2020/02/05 02:44:37,02:44:37,000687315,200,,DATA,b8:27:eb:53:f8:14,b8:27:eb:60:f7:bf,200,436,12445,,0,2
2020/02/05 02:44:43,02:44:43,000650853,200,,DATA,b8:27:eb:53:f8:14,b8:27:eb:60:f7:bf,200,437,12444,,0,2
2020/02/05 02:44:49,02:44:49,000641425,200,,DATA,b8:27:eb:53:f8:14,b8:27:eb:60:f7:bf,200,438,12443,,0,2
2020/02/05 02:44:55,02:44:55,000653822,200,,DATA,b8:27:eb:53:f8:14,b8:27:eb:60:f7:bf,200,439,12442,,0,2
2020/02/05 02:45:01,02:45:01,000679243,200,,DATA,b8:27:eb:53:f8:14,b8:27:eb:60:f7:bf,200,440,12441,,0,2
2020/02/05 02:45:07,02:45:07,000648886,200,,DATA,b8:27:eb:53:f8:14,b8:27:eb:60:f7:bf,200,441,12440,,0,2
2020/02/05 02:45:13,02:45:13,000708791,200,,DATA,b8:27:eb:53:f8:14,b8:27:eb:60:f7:bf,200,442,12439,,0,2
2020/02/05 02:45:19,02:45:19,000585315,200,,DATA,b8:27:eb:53:f8:14,b8:27:eb:60:f7:bf,200,443,12438,,0,2
2020/02/05 02:45:25,02:45:25,000647205,200,,DATA,b8:27:eb:53:f8:14,b8:27:eb:60:f7:bf,200,444,12437,,0,2
2020/02/05 02:45:31,02:45:31,000725503,200,,DATA,b8:27:eb:53:f8:14,b8:27:eb:60:f7:bf,200,445,12436,,0,2
2020/02/05 02:45:37,02:45:37,000594326,200,,DATA,b8:27:eb:53:f8:14,b8:27:eb:60:f7:bf,200,446,12435,,0,2
2020/02/05 02:45:43,02:45:43,000678828,200,,DATA,b8:27:eb:53:f8:14,b8:27:eb:60:f7:bf,200,447,12434,,0,2
2020/02/05 02:45:49,02:45:49,000732187,200,,DATA,b8:27:eb:53:f8:14,b8:27:eb:60:f7:bf,200,448,12433,,0,2
2020/02/05 02:45:55,02:45:55,000705183,200,,DATA,b8:27:eb:53:f8:14,b8:27:eb:60:f7:bf,200,449,12432,,0,2
2020/02/05 02:46:01,02:46:01,000741516,200,,DATA,b8:27:eb:53:f8:14,b8:27:eb:60:f7:bf,200,450,12431,,0,2
2020/02/05 02:46:07,02:46:07,000551184,200,,DATA,b8:27:eb:53:f8:14,b8:27:eb:60:f7:bf,200,451,12430,,0,2
2020/02/05 02:46:13,02:46:13,000645594,200,,DATA,b8:27:eb:53:f8:14,b8:27:eb:60:f7:bf,200,452,12429,,0,2
2020/02/05 02:46:19,02:46:19,000542872,200,,DATA,b8:27:eb:53:f8:14,b8:27:eb:60:f7:bf,200,453,12428,,0,2
2020/02/05 02:46:25,02:46:25,000612651,200,,DATA,b8:27:eb:53:f8:14,b8:27:eb:60:f7:bf,200,454,12427,,0,2
2020/02/05 02:46:31,02:46:31,000564620,200,,DATA,b8:27:eb:53:f8:14,b8:27:eb:60:f7:bf,200,455,12426,,0,2
2020/02/05 02:46:37,02:46:37,000561748,200,,DATA,b8:27:eb:53:f8:14,b8:27:eb:60:f7:bf,200,456,12425,,0,2
2020/02/05 02:46:43,02:46:43,000552784,200,,DATA,b8:27:eb:53:f8:14,b8:27:eb:60:f7:bf,200,457,12424,,0,2
2020/02/05 02:46:49,02:46:49,000563667,200,,DATA,b8:27:eb:53:f8:14,b8:27:eb:60:f7:bf,200,458,12423,,0,2
2020/02/05 02:46:55,02:46:55,000548874,200,,DATA,b8:27:eb:53:f8:14,b8:27:eb:60:f7:bf,200,459,12422,,0,2
2020/02/05 02:47:01,02:47:01,000563250,200,,DATA,b8:27:eb:53:f8:14,b8:27:eb:60:f7:bf,200,460,12421,,0,2
2020/02/05 02:47:07,02:47:07,000606639,200,,DATA,b8:27:eb:53:f8:14,b8:27:eb:60:f7:bf,200,461,12420,,0,2
2020/02/05 02:47:13,02:47:13,000559926,200,,DATA,b8:27:eb:53:f8:14,b8:27:eb:60:f7:bf,200,462,12419,,0,2
2020/02/05 02:47:19,02:47:19,000574777,200,,DATA,b8:27:eb:53:f8:14,b8:27:eb:60:f7:bf,200,463,12418,,0,2
2020/02/05 02:47:25,02:47:25,000569735,200,,DATA,b8:27:eb:53:f8:14,b8:27:eb:60:f7:bf,200,464,12417,,0,2
2020/02/05 02:47:31,02:47:31,000620215,200,,DATA,b8:27:eb:53:f8:14,b8:27:eb:60:f7:bf,200,465,12416,,0,2
2020/02/05 02:47:37,02:47:37,000575021,200,,DATA,b8:27:eb:53:f8:14,b8:27:eb:60:f7:bf,200,466,12415,,0,2
2020/02/05 02:47:43,02:47:43,000565089,200,,DATA,b8:27:eb:53:f8:14,b8:27:eb:60:f7:bf,200,467,12414,,0,2
2020/02/05 02:47:49,02:47:49,000638388,200,,DATA,b8:27:eb:53:f8:14,b8:27:eb:60:f7:bf,200,468,12413,,0,2
2020/02/05 02:47:55,02:47:55,000650282,200,,DATA,b8:27:eb:53:f8:14,b8:27:eb:60:f7:bf,200,469,12412,,0,2
2020/02/05 02:48:01,02:48:01,000615981,200,,DATA,b8:27:eb:53:f8:14,b8:27:eb:60:f7:bf,200,470,12411,,0,2
2020/02/05 02:48:07,02:48:07,000605119,200,,DATA,b8:27:eb:53:f8:14,b8:27:eb:60:f7:bf,200,471,12410,,0,2
2020/02/05 02:48:13,02:48:13,000621082,200,,DATA,b8:27:eb:53:f8:14,b8:27:eb:60:f7:bf,200,472,12409,,0,2
2020/02/05 02:48:19,02:48:19,000607724,200,,DATA,b8:27:eb:53:f8:14,b8:27:eb:60:f7:bf,200,473,12408,,0,2
2020/02/05 02:48:25,02:48:25,000608014,200,,DATA,b8:27:eb:53:f8:14,b8:27:eb:60:f7:bf,200,474,12407,,0,2
2020/02/05 02:48:31,02:48:31,000545493,200,,DATA,b8:27:eb:53:f8:14,b8:27:eb:60:f7:bf,200,475,12406,,0,2
2020/02/05 02:48:37,02:48:37,000549588,200,,DATA,b8:27:eb:53:f8:14,b8:27:eb:60:f7:bf,200,476,12405,,0,2
2020/02/05 02:48:43,02:48:43,000552019,200,,DATA,b8:27:eb:53:f8:14,b8:27:eb:60:f7:bf,200,477,12404,,0,2
2020/02/05 02:48:49,02:48:49,000550857,200,,DATA,b8:27:eb:53:f8:14,b8:27:eb:60:f7:bf,200,478,12403,,0,2
2020/02/05 02:48:55,02:48:55,000555843,200,,DATA,b8:27:eb:53:f8:14,b8:27:eb:60:f7:bf,200,479,12402,,0,2
2020/02/05 02:49:01,02:49:01,000549373,200,,DATA,b8:27:eb:53:f8:14,b8:27:eb:60:f7:bf,200,480,12401,,0,2
2020/02/05 02:49:07,02:49:07,000558008,200,,DATA,b8:27:eb:53:f8:14,b8:27:eb:60:f7:bf,200,481,12400,,0,2
2020/02/05 02:49:13,02:49:13,000552062,200,,DATA,b8:27:eb:53:f8:14,b8:27:eb:60:f7:bf,200,482,12399,,0,2
2020/02/05 02:49:19,02:49:19,000596013,200,,DATA,b8:27:eb:53:f8:14,b8:27:eb:60:f7:bf,200,483,12398,,0,2
2020/02/05 02:49:25,02:49:25,000604757,200,,DATA,b8:27:eb:53:f8:14,b8:27:eb:60:f7:bf,200,484,12397,,0,2
2020/02/05 02:49:31,02:49:31,000601264,200,,DATA,b8:27:eb:53:f8:14,b8:27:eb:60:f7:bf,200,485,12396,,0,2
2020/02/05 02:49:37,02:49:37,000551991,200,,DATA,b8:27:eb:53:f8:14,b8:27:eb:60:f7:bf,200,486,12395,,0,2
2020/02/05 02:49:43,02:49:43,000572563,200,,DATA,b8:27:eb:53:f8:14,b8:27:eb:60:f7:bf,200,487,12394,,0,2
2020/02/05 02:49:49,02:49:49,000618033,200,,DATA,b8:27:eb:53:f8:14,b8:27:eb:60:f7:bf,200,488,12393,,0,2
2020/02/05 02:49:55,02:49:55,000749857,200,,DATA,b8:27:eb:53:f8:14,b8:27:eb:60:f7:bf,200,489,12392,,0,2
2020/02/05 02:50:01,02:50:01,000562362,200,,DATA,b8:27:eb:53:f8:14,b8:27:eb:60:f7:bf,200,490,12391,,0,2
2020/02/05 02:50:07,02:50:07,000555284,200,,DATA,b8:27:eb:53:f8:14,b8:27:eb:60:f7:bf,200,491,12390,,0,2
2020/02/05 02:50:13,02:50:13,000550812,200,,DATA,b8:27:eb:53:f8:14,b8:27:eb:60:f7:bf,200,492,12389,,0,2
2020/02/05 02:50:19,02:50:19,000554206,200,,DATA,b8:27:eb:53:f8:14,b8:27:eb:60:f7:bf,200,493,12388,,0,2
2020/02/05 02:50:25,02:50:25,000553903,200,,DATA,b8:27:eb:53:f8:14,b8:27:eb:60:f7:bf,200,494,12387,,0,2
2020/02/05 02:50:31,02:50:31,000557404,200,,DATA,b8:27:eb:53:f8:14,b8:27:eb:60:f7:bf,200,495,12386,,0,2
2020/02/05 02:50:37,02:50:37,000555021,200,,DATA,b8:27:eb:53:f8:14,b8:27:eb:60:f7:bf,200,496,12385,,0,2
2020/02/05 02:50:43,02:50:43,000558890,200,,DATA,b8:27:eb:53:f8:14,b8:27:eb:60:f7:bf,200,497,12384,,0,2
2020/02/05 02:50:49,02:50:49,000615259,200,,DATA,b8:27:eb:53:f8:14,b8:27:eb:60:f7:bf,200,498,12383,,0,2
2020/02/05 02:50:55,02:50:55,000560693,200,,DATA,b8:27:eb:53:f8:14,b8:27:eb:60:f7:bf,200,499,12382,,0,2
2020/02/05 02:51:01,02:51:01,000560711,200,,DATA,b8:27:eb:53:f8:14,b8:27:eb:60:f7:bf,200,500,12381,,0,2
