PacketRSSI,RSSI,SNR,Length,tx_seq,,TYPE,srcAddress,srcAddress,srcAddress,srcAddress,srcAddress,srcAddress,destAddress,destAddress,destAddress,destAddress,destAddress,destAddress,length,sequence_num,年,月,日,時,分,秒,nsec,年,月,日,時,分,秒,nsec
-70,-92,0,30,1,,HELLO,eb,ed,ff,ff,ff,ff,00,bb,5e,2c,00,00,0,0,1970,01,01,09,00,00,000000000,2019,12,23,20,32,11,069510172
-157,-78,0,30,2,,HELLO,eb,ed,ff,ff,ff,ff,00,bd,5e,8c,00,00,0,0,1970,01,01,09,00,00,000000000,2019,12,23,20,32,13,069148644
-157,-93,0,30,3,,HELLO,eb,02,ff,ff,ff,ff,00,ca,5e,d6,00,00,0,0,1970,01,01,09,00,00,000000000,2019,12,23,20,32,26,057399341
-157,-94,0,30,4,,HELLO,eb,02,ff,ff,ff,ff,00,cc,5e,96,00,00,0,0,1970,01,01,09,00,00,000000000,2019,12,23,20,32,28,057273415
-157,-94,0,30,5,,HELLO,eb,02,ff,ff,ff,ff,00,ce,5e,68,00,00,0,0,1970,01,01,09,00,00,000000000,2019,12,23,20,32,30,057334627
-157,-96,0,30,6,,HELLO,eb,02,ff,ff,ff,ff,00,97,5e,57,00,00,0,0,1970,01,01,09,00,00,000000000,2019,12,23,20,35,51,057195279
-157,-94,0,30,7,,HELLO,b8,27,75,77,ff,ff,1e,02,a6,00,e2,00,0,0,1970,01,01,09,00,00,000000000,2019,12,23,20,35,53,057176924
-94,-94,15,30,8,,HELLO,b8,27,75,77,ff,ff,1e,03,a6,00,d8,00,0,0,1970,01,01,09,00,00,016776960,2019,12,23,20,35,55,057193624
-75,-94,0,30,9,,(null),b8,27,65,fa,ff,ff,1e,01,a6,00,e1,01,0,0,1990,09,26,21,54,25,000000001,2019,12,23,20,36,35,069053064
-157,-94,0,30,10,,HELLO,eb,ed,ff,ff,ff,ff,00,c5,5e,34,00,00,0,0,1970,04,17,20,21,33,-1207959552,2019,12,23,20,36,37,069081953
98,-93,0,30,11,,(null),b8,27,65,fa,ff,ff,1e,03,a6,00,df,00,0,0,1997,02,12,01,57,37,000000001,2019,12,23,20,36,39,068976573
