æ™‚é–“,nsec,srcAddress,hop,seq
2020/01/08 10:49:55,066628294,b8:27:eb:53:f8:14,2,14,b8:27:eb:86:45:d3,1,51,
2020/01/08 10:50:12,066469780,b8:27:eb:53:f8:14,2,14,b8:27:eb:86:45:d3,1,54,
2020/01/08 10:50:18,078311908,b8:27:eb:53:f8:14,2,14,b8:27:eb:86:45:d3,1,54,b8:27:eb:ed:65:fa,1,3,
2020/01/08 10:50:22,077792107,b8:27:eb:53:f8:14,2,14,b8:27:eb:86:45:d3,1,56,b8:27:eb:ed:65:fa,1,3,
2020/01/08 10:50:27,078026363,b8:27:eb:53:f8:14,2,14,b8:27:eb:86:45:d3,1,57,b8:27:eb:ed:65:fa,1,3,
2020/01/08 10:50:32,078099575,b8:27:eb:53:f8:14,2,14,b8:27:eb:86:45:d3,1,58,b8:27:eb:ed:65:fa,1,3,
2020/01/08 10:50:37,077720965,b8:27:eb:53:f8:14,2,14,b8:27:eb:86:45:d3,1,59,b8:27:eb:ed:65:fa,1,3,
2020/01/08 10:50:42,077461259,b8:27:eb:53:f8:14,2,14,b8:27:eb:86:45:d3,1,60,b8:27:eb:ed:65:fa,1,3,
2020/01/08 10:50:45,089055629,b8:27:eb:53:f8:14,2,14,b8:27:eb:86:45:d3,1,60,b8:27:eb:ed:65:fa,1,8,
2020/01/08 10:50:48,077762691,b8:27:eb:53:f8:14,2,14,b8:27:eb:86:45:d3,1,61,b8:27:eb:ed:65:fa,1,8,
2020/01/08 10:50:54,077914434,b8:27:eb:53:f8:14,2,14,b8:27:eb:86:45:d3,1,62,b8:27:eb:ed:65:fa,1,8,
